respondent_id,age,bedtime_screen_time_minutes,total_daily_screen_time_hours,doomscroll_sessions_per_night,avg_doomscroll_session_minutes,sleep_hours_per_night,sleep_latency_minutes,number_of_night_wakeups,caffeine_intake_mg_per_day,anxiety_score,stress_score,sleep_quality_score,daytime_fatigue_score,number_of_news_apps_used,phone_checks_per_night,exercise_minutes_per_day,days_since_last_digital_detox,weekly_sleep_debt_hours,gender,occupation_status,country_region,primary_device_used_at_night,bedtime_routine_type,uses_night_mode,keeps_phone_in_bedroom,consumes_negative_news_content,uses_sleep_tracking_app,doomscroller,sleep_quality_category
D30000,22,13.0,1.85,2,5.4,8.1,19.0,2,155.0,5,7,5.0,6,3,3,103.0,9.0,0.7,Male,Unemployed,Germany,Tablet,Meditation/Journaling,Yes,Yes,Yes,No,Yes,Good
D30001,18,90.0,3.61,3,29.6,7.0,31.0,3,82.0,5,6,3.0,9,2,3,28.0,24.0,7.5,Male,Student,India,Smartphone,Meditation/Journaling,No,Yes,Yes,No,Yes,Poor
D30002,37,51.0,5.15,3,15.5,7.1,24.0,2,49.0,2,2,5.0,8,0,3,11.0,15.0,2.9,Prefer not to say,Student,India,Laptop,Reading,No,Yes,No,Yes,Yes,Fair
D30003,27,53.0,3.74,0,51.4,8.4,35.0,0,42.0,6,6,5.0,4,1,0,61.0,13.0,0.0,Prefer not to say,,United States,Smartphone,No Fixed Routine,No,Yes,Yes,No,No,Fair
D30004,17,67.0,6.09,2,32.2,7.2,19.0,1,76.0,5,7,5.0,7,3,3,23.0,19.0,5.4,Prefer not to say,Employed Part-time,United States,Smartphone,Watching Videos,No,No,No,No,No,Fair
D30005,21,81.0,5.2,4,19.5,7.9,39.0,2,61.0,5,6,5.0,7,0,2,37.0,84.0,4.3,Female,Student,Nigeria,Smartphone,Watching Videos,No,Yes,No,No,Yes,Fair
D30006,34,56.0,3.75,3,18.7,8.8,45.0,1,166.0,3,6,5.0,7,0,2,28.0,59.0,0.0,Female,Employed Full-time,Philippines,Smartphone,Scrolling Social Media,No,Yes,No,No,Yes,Good
D30007,26,40.0,2.41,3,13.7,7.7,36.0,2,54.0,4,4,,8,0,2,71.0,17.0,4.5,Male,Student,United Kingdom,Smartphone,Scrolling Social Media,Yes,Yes,Yes,Yes,Yes,Poor
D30008,32,77.0,3.38,4,19.2,7.8,29.0,1,127.0,4,3,5.0,5,2,1,12.0,7.0,4.8,Female,Employed Full-time,Germany,Smartphone,Reading,Yes,Yes,No,No,Yes,Fair
D30009,34,23.0,2.46,2,7.8,6.4,18.0,3,97.0,4,6,5.0,6,0,5,62.0,34.0,12.7,Male,Employed Full-time,Philippines,Tablet,Reading,No,No,No,No,No,Poor
D30010,40,67.0,4.05,4,22.9,5.9,35.0,1,152.0,4,8,5.0,5,2,2,66.0,2.0,12.6,Prefer not to say,Student,India,Smartphone,Reading,Yes,Yes,No,Yes,No,Poor
D30011,22,63.0,2.96,2,33.3,8.2,27.0,1,24.0,5,4,5.0,3,0,3,43.0,4.0,0.0,Female,Student,Australia,TV,Scrolling Social Media,Yes,No,No,Yes,No,Good
D30012,20,28.0,1.64,2,11.5,7.4,27.0,0,150.0,3,6,5.0,5,2,1,47.0,71.0,6.8,Male,Employed Full-time,United States,Smartphone,Scrolling Social Media,Yes,Yes,No,No,No,Good
D30013,40,59.0,3.71,4,11.5,8.2,25.0,1,36.0,5,3,,8,1,1,38.0,19.0,1.4,Male,Employed Full-time,Brazil,,Meditation/Journaling,No,No,Yes,No,No,Good
D30014,27,59.0,3.21,1,55.3,7.5,40.0,0,119.0,6,6,5.0,8,0,2,64.0,4.0,7.1,Male,Unemployed,United States,Smartphone,Scrolling Social Media,No,Yes,Yes,No,No,Fair
D30015,33,27.0,1.19,2,12.2,7.8,5.0,1,171.0,4,7,5.0,8,1,2,65.0,15.0,0.0,Female,Employed Part-time,United Kingdom,Smartphone,Meditation/Journaling,No,Yes,No,No,Yes,Good
D30016,46,58.0,2.26,3,18.6,6.4,24.0,1,169.0,1,4,5.0,5,3,4,44.0,100.0,12.5,Male,Student,India,Smartphone,Reading,No,Yes,No,No,No,Fair
D30017,29,32.0,2.93,2,19.4,7.3,29.0,2,77.0,7,8,5.0,7,2,2,42.0,21.0,6.5,Female,Student,Philippines,Smartphone,Watching Videos,No,Yes,Yes,No,No,Good
D30018,27,17.0,2.3,0,18.3,8.0,35.0,1,226.0,5,9,5.0,6,1,5,11.0,112.0,0.0,Male,Student,United Kingdom,Smartphone,Watching Videos,Yes,No,No,No,No,Fair
D30019,41,22.0,1.01,0,22.5,8.2,28.0,0,380.0,6,8,5.0,6,0,1,53.0,24.0,1.5,Female,Employed Full-time,India,Smartphone,Watching Videos,Yes,Yes,Yes,Yes,No,Good
D30020,23,58.0,2.79,2,30.7,8.0,12.0,4,108.0,3,5,5.0,7,1,4,72.0,70.0,1.1,Female,Student,Nigeria,TV,Reading,No,Yes,No,No,Yes,Fair
D30021,26,40.0,2.11,1,36.4,7.7,33.0,1,122.0,7,5,5.0,6,0,1,38.0,0.0,0.2,Male,Unemployed,United Kingdom,Smartphone,No Fixed Routine,No,Yes,Yes,No,No,Fair
D30022,33,79.0,3.88,2,41.5,7.0,37.0,1,76.0,3,3,5.0,6,3,1,96.0,27.0,6.2,Male,Unemployed,United States,Smartphone,No Fixed Routine,Yes,Yes,No,No,Yes,Fair
D30023,25,56.0,5.98,3,22.6,8.8,36.0,2,165.0,4,8,5.0,4,1,2,39.0,51.0,0.0,Female,Employed Part-time,United States,Smartphone,Scrolling Social Media,Yes,Yes,No,Yes,Yes,Fair
D30024,31,28.0,1.18,2,5.6,7.4,17.0,1,177.0,4,5,5.0,5,2,2,47.0,57.0,5.1,Male,Employed Part-time,India,Smartphone,Meditation/Journaling,Yes,Yes,No,Yes,No,Fair
D30025,24,36.0,1.93,1,37.7,6.8,17.0,1,64.0,5,7,5.0,5,0,1,50.0,47.0,7.8,Male,Employed Full-time,India,Smartphone,Meditation/Journaling,Yes,Yes,No,No,No,Good
D30026,28,100.0,5.38,4,21.1,7.4,32.0,3,,5,7,5.0,4,1,4,81.0,69.0,3.4,Female,Employed Full-time,Canada,Smartphone,Scrolling Social Media,No,Yes,No,No,Yes,Poor
D30027,30,73.0,8.15,3,21.0,6.7,52.0,2,113.0,3,6,5.0,6,3,4,70.0,54.0,7.5,Male,Student,Nigeria,Smartphone,Reading,Yes,No,Yes,No,No,Poor
D30028,17,41.0,3.64,3,12.5,7.9,35.0,1,165.0,4,4,5.0,4,3,1,67.0,24.0,2.0,Female,Employed Full-time,Nigeria,Smartphone,Reading,No,Yes,No,Yes,Yes,Poor
D30029,18,19.0,2.94,2,13.0,7.1,19.0,0,,4,6,5.0,5,0,2,75.0,5.0,6.9,Female,Employed Full-time,United States,TV,Scrolling Social Media,Yes,No,No,No,Yes,Fair
D30030,15,43.0,2.46,2,26.7,7.5,28.0,2,24.0,2,2,5.0,5,1,2,,21.0,4.6,Male,Student,United States,Laptop,Scrolling Social Media,No,Yes,No,Yes,No,Fair
D30031,37,65.0,4.03,3,19.8,6.0,33.0,3,172.0,6,6,5.0,6,2,4,54.0,11.0,17.4,Male,Employed Full-time,Nigeria,Smartphone,Watching Videos,No,Yes,No,No,Yes,Fair
D30032,25,21.0,1.93,0,18.0,8.0,7.0,1,249.0,3,7,5.0,4,2,3,30.0,36.0,0.0,Male,Employed Full-time,Brazil,Smartphone,Reading,Yes,No,No,No,No,Good
D30033,24,128.0,7.01,4,34.1,7.1,59.0,1,62.0,8,9,4.0,6,1,3,21.0,15.0,4.4,Male,Student,United States,TV,Reading,No,No,Yes,No,Yes,Fair
D30034,41,43.0,4.31,0,40.3,7.9,19.0,3,111.0,7,7,5.0,5,5,5,50.0,61.0,0.0,Male,Employed Full-time,Brazil,Smartphone,Watching Videos,No,Yes,Yes,No,No,Fair
D30035,19,19.0,4.06,0,27.9,7.0,21.0,1,122.0,4,8,5.0,4,2,1,75.0,123.0,7.6,Male,Employed Full-time,Philippines,Smartphone,Meditation/Journaling,No,Yes,No,Yes,No,Good
D30036,15,18.0,3.09,1,19.1,7.3,24.0,2,88.0,4,6,5.0,7,3,2,76.0,48.0,5.2,Male,Employed Part-time,Canada,Smartphone,No Fixed Routine,No,Yes,Yes,No,No,Poor
D30037,24,24.0,1.18,1,23.0,7.3,10.0,0,61.0,6,6,5.0,4,0,0,73.0,81.0,7.1,Female,Employed Full-time,Germany,Smartphone,Watching Videos,Yes,Yes,No,Yes,No,Fair
D30038,19,59.0,2.83,2,29.3,7.8,25.0,1,46.0,3,3,5.0,6,1,2,30.0,30.0,2.1,Male,Student,Nigeria,Smartphone,No Fixed Routine,No,Yes,No,No,Yes,Good
D30039,36,26.0,1.81,2,11.0,8.4,31.0,3,218.0,4,6,5.0,4,1,3,64.0,104.0,0.0,Male,Student,Australia,Laptop,Watching Videos,No,Yes,No,No,Yes,Fair
D30040,26,23.0,1.4,1,21.6,7.6,2.0,4,93.0,9,8,5.0,5,2,4,70.0,0.0,5.3,Female,Employed Full-time,Germany,Tablet,Watching Videos,Yes,Yes,No,No,No,Poor
D30041,30,158.0,6.4,6,27.5,6.1,66.0,4,115.0,8,7,4.0,10,2,4,43.0,35.0,16.2,Female,Employed Part-time,India,Smartphone,Scrolling Social Media,No,Yes,Yes,Yes,Yes,Poor
D30042,28,173.0,8.28,7,25.0,6.1,73.0,2,13.0,8,9,5.0,6,3,3,51.0,71.0,15.4,Male,Student,United Kingdom,Smartphone,Watching Videos,No,Yes,Yes,Yes,Yes,Poor
D30043,35,108.0,4.81,4,31.6,6.8,35.0,1,42.0,9,8,5.0,6,0,2,20.0,1.0,8.5,Male,Employed Full-time,United States,Smartphone,No Fixed Routine,No,Yes,Yes,No,Yes,Fair
D30044,25,100.0,4.66,6,13.6,7.7,58.0,3,130.0,5,6,5.0,4,2,5,41.0,13.0,5.7,Female,Student,Australia,Tablet,Watching Videos,Yes,Yes,No,No,Yes,Poor
D30045,29,117.0,5.93,5,25.3,6.6,57.0,2,106.0,5,9,5.0,5,1,2,0.0,3.0,9.7,Female,Employed Part-time,Germany,Smartphone,Meditation/Journaling,No,Yes,Yes,No,Yes,Poor
D30046,19,15.0,2.45,1,13.1,7.6,31.0,2,90.0,4,4,5.0,5,1,5,40.0,25.0,4.2,Female,Employed Full-time,India,Smartphone,Scrolling Social Media,Yes,Yes,Yes,No,Yes,Good
D30047,26,65.0,8.77,2,34.6,6.7,47.0,2,66.0,2,4,5.0,6,1,2,64.0,34.0,8.0,Female,Employed Full-time,UAE,Smartphone,No Fixed Routine,No,No,No,No,No,Fair
D30048,16,41.0,1.68,1,38.1,7.1,34.0,0,123.0,5,6,5.0,5,2,2,29.0,1.0,3.3,Female,Unemployed,Germany,Smartphone,Meditation/Journaling,No,Yes,No,No,Yes,Fair
D30049,24,152.0,6.54,6,29.7,6.4,51.0,6,183.0,6,9,5.0,9,3,9,30.0,50.0,9.3,Female,Student,India,Smartphone,Meditation/Journaling,No,No,No,Yes,Yes,Poor
D30050,22,16.0,2.26,2,2.6,9.0,29.0,0,261.0,3,5,,5,2,2,21.0,64.0,0.0,Male,Student,India,TV,Meditation/Journaling,Yes,No,Yes,No,Yes,Good
D30051,15,108.0,4.77,5,24.4,6.9,41.0,3,79.0,5,5,4.0,9,2,6,40.0,1.0,8.5,Prefer not to say,Unemployed,Canada,Smartphone,Meditation/Journaling,No,Yes,Yes,No,Yes,Poor
D30052,25,12.0,2.29,1,10.3,6.7,30.0,0,111.0,2,5,4.0,5,1,0,31.0,22.0,11.4,Male,Employed Full-time,India,Smartphone,Scrolling Social Media,No,Yes,No,No,Yes,Poor
D30053,27,38.0,1.5,0,38.1,8.4,17.0,0,41.0,5,6,5.0,4,1,0,50.0,87.0,0.0,Male,Employed Full-time,India,Tablet,Scrolling Social Media,Yes,Yes,Yes,No,No,Good
D30054,31,50.0,2.26,3,20.3,5.6,31.0,1,14.0,2,4,5.0,5,1,1,50.0,7.0,15.9,Male,Employed Full-time,India,Smartphone,Scrolling Social Media,Yes,Yes,No,No,No,Poor
D30055,25,71.0,3.91,3,26.7,6.5,35.0,2,90.0,4,9,4.0,7,3,3,18.0,64.0,9.5,Female,Student,India,TV,Scrolling Social Media,Yes,Yes,No,Yes,Yes,Fair
D30056,20,62.0,5.98,4,19.6,6.7,41.0,1,26.0,5,6,5.0,7,1,2,49.0,47.0,8.1,Male,Employed Part-time,Canada,Smartphone,Watching Videos,Yes,No,Yes,Yes,Yes,Poor
D30057,17,65.0,5.37,2,29.5,7.8,41.0,2,52.0,7,8,5.0,7,1,3,53.0,32.0,0.6,Male,Unemployed,UAE,Smartphone,Scrolling Social Media,Yes,Yes,Yes,No,Yes,Good
D30058,20,101.0,7.29,5,23.3,5.5,43.0,4,86.0,5,6,4.0,10,2,4,21.0,1.0,16.1,Male,Employed Full-time,United Kingdom,TV,Scrolling Social Media,Yes,No,No,No,Yes,Poor
D30059,34,31.0,4.32,2,16.6,7.5,16.0,1,204.0,5,5,5.0,4,1,1,51.0,8.0,0.9,Male,Employed Full-time,United States,Laptop,Meditation/Journaling,Yes,Yes,No,No,Yes,Poor
D30060,40,70.0,3.62,2,39.3,6.6,28.0,1,56.0,6,5,5.0,5,2,4,13.0,95.0,9.8,Female,Student,India,Smartphone,Watching Videos,Yes,No,Yes,No,Yes,Poor
D30061,33,12.0,1.99,0,12.3,7.8,8.0,1,164.0,5,6,5.0,6,0,2,21.0,4.0,0.0,Male,Student,UAE,Smartphone,Watching Videos,Yes,No,Yes,Yes,No,Good
D30062,15,15.0,1.76,1,14.3,9.1,9.0,0,79.0,5,6,5.0,5,1,1,,9.0,0.0,Male,Employed Full-time,Canada,Tablet,Scrolling Social Media,Yes,Yes,Yes,No,No,Good
D30063,34,6.0,1.86,2,4.5,7.1,9.0,1,103.0,6,8,5.0,5,4,2,55.0,32.0,6.8,Male,Unemployed,India,Smartphone,Watching Videos,No,Yes,Yes,No,Yes,Fair
D30064,29,46.0,2.26,3,16.7,7.9,8.0,1,86.0,4,6,5.0,4,3,4,47.0,21.0,0.8,Female,Student,Philippines,Smartphone,Reading,Yes,No,No,Yes,No,Good
D30065,15,23.0,10.27,0,21.4,7.9,2.0,1,302.0,7,9,5.0,5,3,1,88.0,71.0,0.0,Female,Employed Full-time,India,Smartphone,Scrolling Social Media,No,Yes,Yes,No,No,Good
D30066,38,25.0,1.02,1,27.1,9.3,37.0,1,112.0,8,10,5.0,5,1,2,53.0,89.0,0.0,Female,Employed Full-time,India,Smartphone,No Fixed Routine,Yes,Yes,Yes,Yes,Yes,Fair
D30067,39,40.0,2.84,1,40.3,8.6,35.0,0,23.0,3,5,5.0,8,1,0,38.0,71.0,0.0,Female,Student,United States,Smartphone,Scrolling Social Media,Yes,Yes,Yes,No,No,Good
D30068,26,46.0,2.5,3,12.1,7.6,14.0,1,205.0,5,5,5.0,8,0,2,72.0,11.0,5.9,Male,Student,India,Smartphone,Watching Videos,No,Yes,No,No,No,Good
D30069,30,31.0,1.62,2,18.0,7.0,21.0,1,89.0,2,3,5.0,8,0,3,53.0,17.0,5.6,Female,Student,India,Laptop,No Fixed Routine,Yes,Yes,Yes,No,No,Good
D30070,27,27.0,2.27,2,14.1,7.2,12.0,1,154.0,4,5,5.0,5,1,2,73.0,31.0,6.9,Female,Employed Part-time,United Kingdom,TV,Reading,No,No,Yes,No,No,Good
D30071,33,25.0,1.74,2,8.4,7.5,20.0,0,226.0,2,6,5.0,3,3,2,72.0,31.0,3.9,Male,Student,India,Smartphone,No Fixed Routine,No,Yes,No,No,Yes,Poor
D30072,19,38.0,2.6,3,12.0,9.1,40.0,2,134.0,5,7,5.0,9,0,2,37.0,59.0,0.0,Male,Unemployed,United States,Laptop,No Fixed Routine,No,Yes,Yes,Yes,Yes,Fair
D30073,22,10.0,1.65,0,10.3,9.0,22.0,3,61.0,3,3,5.0,4,2,5,55.0,84.0,0.0,Female,Student,Germany,Smartphone,Meditation/Journaling,Yes,Yes,Yes,No,Yes,Poor
D30074,16,92.0,4.12,3,31.6,6.7,56.0,1,103.0,4,6,,6,0,2,46.0,9.0,8.9,Female,Student,India,Smartphone,Watching Videos,No,No,No,Yes,No,Poor
D30075,28,68.0,3.37,2,34.0,7.1,43.0,1,66.0,3,7,5.0,7,1,1,69.0,2.0,6.5,Female,Employed Part-time,United States,Smartphone,Reading,No,Yes,No,No,Yes,Fair
D30076,28,119.0,5.3,4,29.3,6.8,50.0,3,430.0,5,6,5.0,8,0,3,27.0,68.0,9.6,Male,Student,Canada,Smartphone,Watching Videos,No,Yes,Yes,No,Yes,Poor
D30077,23,37.0,2.09,2,15.8,7.6,27.0,0,110.0,5,10,5.0,5,1,0,72.0,47.0,2.9,Male,Employed Full-time,Germany,Laptop,Reading,Yes,No,Yes,No,No,Fair
D30078,37,58.0,9.85,3,16.3,7.4,35.0,3,133.0,5,4,5.0,4,1,5,70.0,49.0,7.6,Male,Employed Full-time,Philippines,TV,Watching Videos,Yes,Yes,Yes,No,Yes,Poor
D30079,21,84.0,4.84,4,20.2,7.5,40.0,1,108.0,9,7,5.0,7,0,2,11.0,32.0,2.6,Male,Student,Philippines,Smartphone,Scrolling Social Media,Yes,Yes,Yes,No,Yes,Fair
D30080,18,19.0,5.05,2,4.0,8.1,10.0,2,22.0,3,4,5.0,5,0,3,20.0,70.0,1.9,Female,Employed Full-time,Brazil,Smartphone,No Fixed Routine,Yes,No,No,No,No,Good
D30081,26,48.0,3.3,5,6.8,6.0,23.0,3,84.0,5,6,5.0,8,1,3,72.0,44.0,12.8,Male,Employed Part-time,Philippines,Smartphone,Scrolling Social Media,No,Yes,No,No,Yes,Poor
D30082,38,53.0,2.74,2,26.3,7.0,32.0,3,110.0,3,5,4.0,10,1,5,25.0,37.0,5.9,Female,Student,Brazil,Tablet,No Fixed Routine,Yes,Yes,Yes,No,Yes,Poor
D30083,22,50.0,3.99,4,9.1,7.4,9.0,3,202.0,6,7,5.0,8,0,5,85.0,53.0,7.1,Female,Employed Part-time,India,TV,,No,Yes,Yes,No,Yes,Fair
D30084,15,45.0,6.26,0,47.1,7.2,25.0,0,150.0,6,7,5.0,4,2,2,28.0,51.0,5.2,Male,Student,Nigeria,TV,Scrolling Social Media,Yes,No,No,Yes,No,Fair
D30085,17,28.0,4.33,1,22.8,7.6,13.0,1,157.0,5,7,5.0,5,1,1,77.0,13.0,2.0,Female,Employed Full-time,United States,Smartphone,Scrolling Social Media,Yes,No,Yes,No,No,Fair
D30086,15,63.0,3.34,1,66.9,7.4,27.0,2,83.0,4,4,5.0,6,0,3,66.0,1.0,0.8,Female,Unemployed,United States,Tablet,Scrolling Social Media,Yes,Yes,No,Yes,No,Fair
D30087,29,58.0,7.22,2,28.9,8.1,17.0,0,35.0,4,5,5.0,7,3,0,58.0,45.0,0.0,Prefer not to say,Student,UAE,Smartphone,Scrolling Social Media,No,Yes,No,No,No,Good
D30088,22,128.0,6.3,6,18.4,5.5,37.0,2,20.0,7,7,5.0,6,0,3,55.0,44.0,16.0,Male,Employed Part-time,Canada,Smartphone,Scrolling Social Media,Yes,Yes,No,No,Yes,Poor
D30089,30,73.0,4.1,5,17.0,6.9,38.0,2,44.0,7,9,5.0,6,1,6,47.0,71.0,8.2,Female,Student,United States,Smartphone,Meditation/Journaling,No,Yes,Yes,Yes,No,Fair
D30090,29,22.0,1.68,3,10.4,8.0,9.0,3,219.0,5,6,5.0,7,1,3,76.0,42.0,1.4,Female,Student,Canada,Smartphone,Scrolling Social Media,Yes,Yes,No,No,No,Poor
D30091,15,51.0,5.96,2,23.6,7.9,27.0,1,257.0,4,4,5.0,7,3,4,47.0,39.0,3.4,Male,Employed Full-time,United Kingdom,Smartphone,Scrolling Social Media,No,Yes,No,Yes,No,Fair
D30092,22,124.0,5.81,5,26.7,6.8,64.0,2,86.0,3,7,5.0,7,4,4,17.0,43.0,8.0,Female,Employed Full-time,Canada,Smartphone,Scrolling Social Media,Yes,Yes,No,Yes,Yes,Poor
D30093,38,82.0,5.58,4,14.5,7.5,28.0,1,281.0,5,5,5.0,3,7,3,64.0,66.0,5.3,Female,Student,India,Tablet,Watching Videos,No,Yes,Yes,No,Yes,Good
D30094,32,119.0,6.56,7,21.8,6.4,49.0,3,76.0,8,7,4.0,9,2,3,11.0,5.0,11.8,Female,Student,United States,Smartphone,No Fixed Routine,No,Yes,Yes,No,Yes,Poor
D30095,28,50.0,2.32,3,17.0,7.9,8.0,1,125.0,4,5,5.0,6,2,1,61.0,33.0,1.0,Female,Employed Part-time,Brazil,Smartphone,No Fixed Routine,No,Yes,No,No,No,Good
D30096,38,104.0,4.92,3,33.5,6.5,53.0,2,73.0,6,5,4.0,7,0,3,60.0,34.0,13.2,Male,,United States,Smartphone,Scrolling Social Media,Yes,Yes,Yes,No,Yes,Poor
D30097,35,50.0,5.97,5,8.4,7.5,31.0,3,55.0,1,3,4.0,7,0,5,75.0,16.0,4.4,Female,Employed Full-time,United States,Smartphone,No Fixed Routine,No,No,No,No,Yes,Poor
D30098,30,27.0,1.51,2,11.0,7.3,25.0,4,131.0,6,8,,7,3,4,59.0,68.0,5.7,Prefer not to say,Student,India,Smartphone,Reading,Yes,Yes,Yes,No,No,Fair
D30099,27,47.0,2.54,2,26.1,7.7,26.0,2,96.0,6,4,5.0,7,0,2,72.0,20.0,3.9,Prefer not to say,Unemployed,India,Smartphone,No Fixed Routine,No,Yes,Yes,No,Yes,Poor
D30100,41,26.0,1.72,0,22.2,7.6,41.0,3,57.0,5,5,5.0,5,2,4,45.0,41.0,3.9,Male,Employed Full-time,Germany,Smartphone,Reading,Yes,Yes,No,No,No,Fair
D30101,41,19.0,1.0,0,21.6,7.8,17.0,1,204.0,5,6,5.0,6,2,2,74.0,86.0,0.0,Male,Employed Part-time,India,Smartphone,Watching Videos,No,Yes,Yes,No,No,Good
D30102,21,24.0,2.91,1,21.5,7.7,29.0,5,72.0,4,5,5.0,4,4,8,66.0,56.0,1.7,Prefer not to say,Employed Full-time,United States,Smartphone,,Yes,Yes,Yes,Yes,No,Good
D30103,31,26.0,2.2,2,16.9,7.4,20.0,1,34.0,3,4,5.0,4,0,1,37.0,1.0,4.2,Male,,India,TV,,Yes,Yes,No,No,No,Fair
D30104,27,78.0,6.91,4,16.1,6.8,54.0,2,95.0,7,8,4.0,6,5,4,65.0,139.0,8.4,Male,Student,India,Smartphone,Scrolling Social Media,No,Yes,Yes,No,Yes,Poor
D30105,21,13.0,1.0,0,11.4,7.6,22.0,0,82.0,3,5,5.0,6,2,0,78.0,24.0,4.0,Female,Employed Full-time,Brazil,Smartphone,Meditation/Journaling,Yes,Yes,No,No,No,Good
D30106,17,49.0,2.03,0,51.9,8.4,32.0,0,37.0,3,4,5.0,5,2,0,96.0,3.0,0.0,Male,Employed Part-time,UAE,Smartphone,Watching Videos,Yes,Yes,Yes,No,No,Good
D30107,30,44.0,2.29,3,15.4,7.6,28.0,2,160.0,3,6,5.0,8,0,5,43.0,20.0,3.8,Male,Employed Full-time,India,Smartphone,Scrolling Social Media,Yes,No,No,Yes,No,Poor
D30108,32,43.0,1.95,1,46.1,7.7,28.0,0,11.0,6,7,5.0,5,0,0,74.0,84.0,3.7,Male,Employed Part-time,India,Smartphone,No Fixed Routine,No,Yes,Yes,No,Yes,Fair
D30109,19,14.0,1.0,1,13.0,8.5,23.0,2,55.0,6,6,5.0,5,2,4,63.0,28.0,0.0,Male,Student,Philippines,Laptop,Watching Videos,Yes,Yes,Yes,No,No,Good
D30110,29,39.0,4.03,2,21.5,7.8,2.0,0,266.0,6,7,5.0,5,2,1,64.0,4.0,0.0,Male,Employed Part-time,Canada,Smartphone,Reading,Yes,Yes,Yes,No,No,Good
D30111,20,102.0,4.86,4,28.2,6.7,32.0,2,51.0,4,8,5.0,8,0,4,61.0,16.0,9.6,Female,Student,India,Smartphone,Scrolling Social Media,No,Yes,No,No,Yes,Fair
D30112,27,17.0,3.02,2,10.0,7.0,16.0,0,188.0,3,4,5.0,6,0,1,61.0,14.0,7.8,Male,Unemployed,Australia,Smartphone,Scrolling Social Media,No,No,Yes,No,No,Good
D30113,35,49.0,3.31,2,15.6,8.3,15.0,1,102.0,4,5,5.0,5,0,2,37.0,46.0,0.0,Female,Employed Part-time,Canada,Smartphone,No Fixed Routine,No,Yes,No,Yes,No,Good
D30114,31,12.0,3.47,1,13.1,9.8,18.0,3,,4,7,5.0,6,2,3,61.0,276.0,0.0,Female,Employed Full-time,United States,Tablet,Scrolling Social Media,No,Yes,Yes,Yes,No,Fair
D30115,37,21.0,1.44,0,21.7,7.8,31.0,2,186.0,3,5,5.0,7,1,2,92.0,34.0,0.0,Male,Unemployed,Nigeria,Smartphone,Watching Videos,No,Yes,Yes,No,No,Fair
D30116,24,48.0,4.19,3,11.5,7.9,21.0,2,18.0,7,7,5.0,8,2,4,94.0,28.0,0.0,Male,Employed Full-time,United Kingdom,Smartphone,,No,Yes,Yes,No,No,Good
D30117,18,37.0,2.39,0,36.2,8.2,13.0,0,78.0,6,5,5.0,4,1,0,65.0,22.0,0.0,Female,Student,United Kingdom,Smartphone,Scrolling Social Media,No,Yes,Yes,No,Yes,Good
D30118,25,20.0,2.11,1,17.2,7.9,5.0,2,,5,4,5.0,6,0,5,13.0,16.0,3.3,Female,Student,Nigeria,Smartphone,Scrolling Social Media,No,Yes,Yes,Yes,Yes,Poor
D30119,15,20.0,1.37,0,18.5,7.3,33.0,1,113.0,4,7,5.0,6,1,1,23.0,69.0,7.0,Male,Unemployed,Nigeria,Smartphone,Scrolling Social Media,No,Yes,No,Yes,No,Fair
D30120,41,76.0,5.98,3,23.6,6.9,37.0,1,91.0,4,5,5.0,8,2,1,34.0,109.0,7.3,Prefer not to say,Employed Full-time,United States,Smartphone,Scrolling Social Media,Yes,Yes,No,No,Yes,Poor
D30121,32,43.0,2.65,2,24.0,8.6,32.0,0,134.0,5,7,5.0,7,0,1,87.0,6.0,0.0,Female,Student,UAE,Smartphone,Scrolling Social Media,No,Yes,Yes,Yes,Yes,Good
D30122,21,82.0,4.71,4,20.8,6.3,29.0,2,35.0,9,9,4.0,9,1,2,21.0,200.0,14.5,Female,Employed Full-time,Philippines,Laptop,Watching Videos,No,No,No,No,No,Poor
D30123,21,34.0,3.77,0,37.5,7.4,14.0,1,131.0,7,8,5.0,8,2,1,76.0,5.0,5.4,Male,Student,Germany,Smartphone,,Yes,Yes,Yes,No,No,Good
D30124,25,54.0,5.04,2,29.1,7.6,21.0,2,27.0,1,4,5.0,7,0,3,49.0,3.0,1.4,Female,Employed Full-time,United Kingdom,Smartphone,Scrolling Social Media,No,No,No,No,No,Fair
D30125,18,61.0,5.01,3,20.8,7.8,49.0,3,123.0,3,3,5.0,8,1,4,59.0,17.0,0.0,Male,Student,India,Smartphone,Scrolling Social Media,No,Yes,No,Yes,Yes,Poor
D30126,24,26.0,1.82,1,28.9,6.4,38.0,1,165.0,5,8,5.0,7,1,3,,83.0,13.9,Female,Employed Full-time,India,Smartphone,Scrolling Social Media,Yes,Yes,Yes,No,Yes,Poor
D30127,31,59.0,3.66,2,34.2,7.5,17.0,3,94.0,4,7,5.0,3,1,5,70.0,29.0,0.8,Male,,India,Smartphone,,No,Yes,Yes,No,No,Good
D30128,16,40.0,4.13,2,18.0,7.7,21.0,1,65.0,6,8,5.0,7,1,2,24.0,30.0,2.0,Male,Employed Part-time,Nigeria,Smartphone,Watching Videos,Yes,No,Yes,No,No,Good
D30129,35,97.0,5.58,3,35.9,7.5,43.0,2,81.0,5,6,5.0,4,4,3,72.0,21.0,3.4,Male,Employed Full-time,India,Smartphone,Scrolling Social Media,Yes,Yes,No,No,Yes,Poor
D30130,30,47.0,2.8,3,15.4,7.9,9.0,2,85.0,3,5,5.0,4,0,3,12.0,101.0,0.0,Male,,United States,Smartphone,Scrolling Social Media,Yes,Yes,No,Yes,Yes,Poor
D30131,37,119.0,4.71,4,30.0,5.8,59.0,1,68.0,5,7,5.0,5,2,2,44.0,16.0,12.6,Male,Employed Full-time,India,Smartphone,Scrolling Social Media,No,Yes,Yes,No,Yes,Fair
D30132,26,54.0,7.17,2,24.2,8.1,49.0,2,314.0,5,7,5.0,4,1,2,51.0,21.0,2.3,Male,Student,Philippines,Tablet,Scrolling Social Media,Yes,Yes,Yes,No,Yes,Poor
D30133,15,39.0,1.73,1,40.8,8.7,22.0,0,158.0,4,6,5.0,7,4,2,77.0,14.0,0.0,Female,Unemployed,India,Smartphone,Watching Videos,Yes,Yes,No,Yes,Yes,Good
D30134,32,80.0,3.99,4,22.3,8.0,29.0,1,87.0,4,7,5.0,6,1,1,70.0,40.0,0.0,Female,Employed Full-time,India,Smartphone,Watching Videos,Yes,No,No,Yes,No,Fair
D30135,26,4.0,3.71,0,6.1,7.7,17.0,1,,4,7,5.0,6,1,1,40.0,22.0,0.0,Male,Employed Part-time,United States,Smartphone,Meditation/Journaling,No,Yes,No,No,No,Good
D30136,28,143.0,6.72,6,21.0,5.7,56.0,2,197.0,6,10,3.0,7,0,2,63.0,54.0,15.4,Female,Employed Full-time,India,Laptop,Scrolling Social Media,No,Yes,Yes,No,Yes,Poor
D30137,23,41.0,1.93,1,39.3,7.1,17.0,1,137.0,6,6,5.0,5,0,3,87.0,5.0,3.9,Female,Unemployed,United States,Smartphone,Watching Videos,Yes,Yes,Yes,Yes,No,Good
D30138,34,18.0,1.0,2,10.1,8.3,30.0,0,43.0,5,6,5.0,7,1,2,58.0,26.0,0.0,Male,Unemployed,United Kingdom,Smartphone,Scrolling Social Media,Yes,Yes,Yes,No,No,Good
D30139,28,184.0,9.19,9,15.6,5.8,85.0,3,246.0,7,8,3.0,10,0,5,12.0,47.0,11.5,Male,Unemployed,Philippines,Smartphone,Scrolling Social Media,Yes,No,No,No,Yes,Poor
D30140,25,38.0,3.15,2,20.9,7.3,22.0,1,14.0,3,5,5.0,9,2,2,38.0,59.0,3.8,Female,Employed Full-time,United Kingdom,Laptop,Scrolling Social Media,Yes,Yes,Yes,No,No,Good
D30141,46,11.0,3.22,0,11.0,8.0,2.0,0,88.0,3,5,5.0,5,1,0,42.0,20.0,0.3,Male,,India,Laptop,Meditation/Journaling,Yes,Yes,No,Yes,No,Good
D30142,20,25.0,2.52,0,20.1,6.9,2.0,3,128.0,5,8,5.0,4,1,4,62.0,74.0,8.0,Male,Employed Full-time,Australia,Smartphone,,No,Yes,No,No,No,Fair
D30143,26,49.0,3.79,1,50.6,8.3,40.0,1,150.0,9,8,5.0,6,3,2,73.0,56.0,0.0,Female,Employed Part-time,Australia,Laptop,No Fixed Routine,Yes,No,Yes,Yes,Yes,Fair
D30144,27,24.0,5.49,2,14.0,7.2,11.0,1,237.0,2,5,5.0,6,3,2,69.0,47.0,0.5,Male,Employed Full-time,United States,Smartphone,No Fixed Routine,No,Yes,No,No,No,Good
D30145,36,46.0,3.24,1,42.9,7.7,29.0,0,237.0,1,7,5.0,4,0,0,69.0,29.0,0.9,Female,Employed Full-time,Germany,Smartphone,Scrolling Social Media,No,No,No,No,No,Good
D30146,35,62.0,6.57,2,31.7,6.4,33.0,0,12.0,1,3,5.0,3,1,0,16.0,53.0,10.3,Female,Employed Part-time,United Kingdom,Smartphone,No Fixed Routine,No,Yes,No,Yes,No,Fair
D30147,29,31.0,2.16,2,17.8,7.4,26.0,0,102.0,4,7,5.0,3,2,1,69.0,1.0,3.9,Female,Employed Part-time,India,TV,Scrolling Social Media,No,No,No,Yes,No,Fair
D30148,25,46.0,2.41,2,24.8,8.7,10.0,3,219.0,4,7,5.0,6,2,4,54.0,0.0,0.0,Male,Student,United Kingdom,Tablet,Reading,Yes,No,Yes,Yes,No,Fair
D30149,34,61.0,2.75,2,26.4,6.8,44.0,0,73.0,5,7,5.0,5,2,2,46.0,8.0,11.1,Male,Student,United States,Laptop,Scrolling Social Media,No,No,Yes,No,Yes,Poor
D30150,34,28.0,1.3,1,27.8,6.2,29.0,2,,5,5,5.0,7,2,6,66.0,1.0,12.3,Male,Student,Philippines,Smartphone,Scrolling Social Media,No,Yes,Yes,No,Yes,Poor
D30151,34,76.0,6.53,4,19.5,6.6,43.0,2,100.0,6,7,4.0,5,3,4,28.0,8.0,10.5,Female,Unemployed,United Kingdom,Smartphone,No Fixed Routine,No,Yes,Yes,Yes,Yes,Poor
D30152,41,24.0,1.07,2,12.5,8.3,9.0,1,165.0,4,5,5.0,7,0,2,51.0,255.0,0.0,Male,Unemployed,India,Smartphone,Scrolling Social Media,No,Yes,No,Yes,Yes,Fair
D30153,41,15.0,1.41,1,10.9,8.8,12.0,2,39.0,5,7,,4,1,2,50.0,28.0,0.0,Female,Student,Australia,,Scrolling Social Media,No,No,No,No,No,Fair
D30154,31,16.0,1.0,0,18.3,7.0,25.0,0,68.0,3,5,5.0,5,3,2,30.0,38.0,8.3,Female,Student,United Kingdom,Smartphone,No Fixed Routine,No,No,Yes,No,No,Fair
D30155,26,53.0,2.11,1,49.9,7.8,34.0,3,147.0,5,6,5.0,5,1,4,52.0,47.0,0.5,Male,Student,United States,TV,Watching Videos,No,Yes,Yes,No,Yes,Fair
D30156,34,12.0,1.61,0,10.7,7.7,17.0,1,378.0,3,4,,6,1,5,62.0,61.0,3.3,Female,Student,Philippines,Smartphone,,Yes,Yes,No,Yes,No,Fair
D30157,32,61.0,4.61,4,18.4,7.9,44.0,3,37.0,8,7,5.0,5,1,6,83.0,34.0,0.0,Female,Student,UAE,Smartphone,Watching Videos,No,No,Yes,No,No,Fair
D30158,18,18.0,1.0,1,21.6,9.0,19.0,1,93.0,7,5,5.0,5,1,2,65.0,15.0,0.0,Male,Employed Part-time,Brazil,Laptop,Scrolling Social Media,No,No,Yes,Yes,Yes,Good
D30159,20,31.0,1.33,1,33.6,8.6,13.0,1,73.0,5,5,5.0,7,1,2,65.0,4.0,0.0,Female,Employed Full-time,India,Smartphone,Reading,No,Yes,Yes,Yes,Yes,Good
D30160,30,44.0,3.18,3,16.2,6.7,37.0,2,35.0,1,3,5.0,8,2,3,68.0,44.0,7.6,Male,Student,Nigeria,Laptop,Scrolling Social Media,No,No,No,Yes,Yes,Poor
D30161,21,34.0,1.71,0,36.1,8.3,26.0,0,101.0,4,6,5.0,5,0,0,64.0,33.0,0.0,Male,Unemployed,India,Smartphone,Scrolling Social Media,Yes,Yes,No,No,No,Good
D30162,22,7.0,4.0,0,4.3,6.6,10.0,2,25.0,5,8,,5,0,3,61.0,106.0,11.0,Male,Employed Full-time,India,Smartphone,Watching Videos,No,Yes,Yes,No,No,Poor
D30163,22,41.0,3.45,2,19.4,7.7,12.0,1,37.0,3,4,5.0,7,1,1,47.0,67.0,5.8,Male,Student,United Kingdom,Smartphone,Reading,No,No,No,No,No,Fair
D30164,28,20.0,4.85,1,20.5,6.8,14.0,1,152.0,3,7,5.0,7,2,1,63.0,4.0,9.4,Male,Employed Part-time,India,Tablet,Scrolling Social Media,No,No,No,No,No,Fair
D30165,25,88.0,3.77,4,20.5,6.3,41.0,2,132.0,6,8,5.0,5,0,2,45.0,30.0,9.2,Female,Student,India,Smartphone,Meditation/Journaling,No,No,Yes,No,Yes,Poor
D30166,17,15.0,5.34,2,8.5,7.5,18.0,0,79.0,5,9,5.0,4,0,2,81.0,63.0,3.2,Female,Employed Full-time,United Kingdom,Smartphone,Scrolling Social Media,No,No,Yes,No,No,Fair
D30167,22,17.0,1.0,0,9.4,8.1,33.0,0,73.0,2,1,5.0,4,0,1,44.0,7.0,0.0,Female,Student,India,Smartphone,Scrolling Social Media,No,Yes,Yes,No,Yes,Good
D30168,34,90.0,4.03,2,45.2,7.2,43.0,0,141.0,6,6,5.0,4,0,1,54.0,114.0,4.0,Male,Unemployed,Australia,Smartphone,Meditation/Journaling,No,Yes,No,Yes,Yes,Fair
D30169,31,105.0,4.24,5,20.6,7.1,33.0,2,115.0,6,4,4.0,9,1,2,28.0,41.0,5.6,Female,Unemployed,Nigeria,Smartphone,Scrolling Social Media,Yes,No,No,Yes,Yes,Poor
D30170,35,32.0,3.48,2,11.4,7.4,13.0,0,54.0,5,5,,3,2,0,34.0,68.0,5.3,Prefer not to say,Unemployed,India,Smartphone,No Fixed Routine,No,No,No,No,No,Good
D30171,27,14.0,2.12,1,14.5,8.8,2.0,1,294.0,3,8,5.0,6,1,1,0.0,74.0,0.0,Male,Student,India,Smartphone,Watching Videos,No,Yes,No,No,No,Good
D30172,34,99.0,5.35,4,24.4,6.8,50.0,2,173.0,3,5,5.0,4,4,2,26.0,55.0,6.3,Male,Employed Full-time,India,Smartphone,Watching Videos,Yes,Yes,Yes,Yes,Yes,Poor
D30173,50,17.0,1.72,1,14.8,7.0,19.0,0,97.0,3,3,5.0,7,1,1,50.0,19.0,9.1,Female,,UAE,Smartphone,Scrolling Social Media,Yes,No,No,Yes,No,Good
D30174,15,49.0,2.76,0,50.1,7.3,21.0,1,49.0,6,7,5.0,9,2,2,41.0,62.0,5.7,Female,Employed Full-time,UAE,Smartphone,Reading,No,Yes,Yes,No,Yes,Poor
D30175,41,19.0,1.23,2,6.6,7.6,10.0,0,47.0,3,5,,6,1,0,26.0,7.0,2.7,Female,Employed Full-time,Germany,Smartphone,Scrolling Social Media,No,Yes,No,No,Yes,Good
D30176,26,88.0,6.09,4,22.5,6.6,49.0,1,,6,9,4.0,7,1,2,54.0,33.0,1.5,Female,Employed Full-time,United States,Smartphone,Watching Videos,Yes,Yes,Yes,No,Yes,Poor
D30177,16,100.0,6.06,4,30.7,7.0,52.0,1,13.0,10,9,3.0,10,2,1,76.0,49.0,4.8,Female,Employed Full-time,Canada,Smartphone,No Fixed Routine,No,No,Yes,No,Yes,Poor
D30178,15,64.0,4.88,4,16.3,7.5,14.0,1,243.0,5,8,5.0,5,3,2,77.0,9.0,2.7,Female,Student,Germany,Smartphone,Scrolling Social Media,Yes,Yes,Yes,Yes,Yes,Good
D30179,26,74.0,3.34,4,15.7,7.4,55.0,3,58.0,4,7,5.0,8,2,4,46.0,5.0,3.5,Male,Student,India,Laptop,Reading,No,No,Yes,No,Yes,Good
D30180,25,32.0,1.33,2,17.9,7.3,29.0,0,37.0,6,9,,5,2,1,0.0,3.0,3.5,Female,Student,India,Tablet,Scrolling Social Media,No,No,Yes,No,Yes,Fair
D30181,31,28.0,2.28,1,32.1,8.6,31.0,1,218.0,3,5,5.0,7,0,3,80.0,54.0,0.0,Female,Employed Full-time,India,Smartphone,Scrolling Social Media,No,Yes,No,Yes,No,Fair
D30182,27,34.0,4.04,1,40.4,7.5,27.0,0,139.0,4,7,5.0,2,0,0,44.0,2.0,4.6,Female,Employed Part-time,India,Smartphone,Watching Videos,No,Yes,Yes,No,Yes,Fair
D30183,15,16.0,2.63,0,23.4,8.1,21.0,0,159.0,4,4,5.0,6,1,0,68.0,89.0,0.0,Female,Employed Full-time,Germany,Smartphone,Reading,No,Yes,Yes,No,Yes,Fair
D30184,33,77.0,3.1,3,23.7,7.9,27.0,1,136.0,4,6,5.0,5,1,3,72.0,140.0,2.0,Female,Student,United States,Smartphone,Watching Videos,No,Yes,No,Yes,No,Good
D30185,27,42.0,5.78,1,43.1,6.9,19.0,2,163.0,4,5,5.0,6,2,2,41.0,29.0,8.4,Male,Student,Philippines,Smartphone,Watching Videos,No,Yes,No,No,No,Good
D30186,35,38.0,2.69,2,22.7,7.3,26.0,1,159.0,6,5,5.0,8,0,1,41.0,15.0,4.0,Male,Employed Full-time,India,Smartphone,No Fixed Routine,No,Yes,Yes,No,Yes,Poor
D30187,32,13.0,4.25,0,10.1,8.0,18.0,1,23.0,5,6,5.0,4,2,2,82.0,4.0,1.4,Male,Employed Full-time,United States,Smartphone,No Fixed Routine,Yes,Yes,Yes,No,No,Good
D30188,35,25.0,2.11,1,25.9,6.8,20.0,0,83.0,6,5,5.0,8,1,1,,45.0,11.9,Male,Employed Part-time,United States,Smartphone,Reading,No,Yes,No,Yes,No,Fair
D30189,29,110.0,7.99,4,28.9,7.5,43.0,4,48.0,5,5,4.0,10,0,6,82.0,150.0,2.6,Male,Employed Full-time,India,Smartphone,Scrolling Social Media,No,Yes,No,No,Yes,Poor
D30190,31,49.0,1.96,2,21.1,8.3,26.0,1,58.0,3,6,5.0,5,3,1,72.0,0.0,0.0,Male,Unemployed,United States,Smartphone,Scrolling Social Media,No,Yes,No,No,Yes,Fair
D30191,30,75.0,2.9,6,14.9,7.7,60.0,3,38.0,5,9,,7,2,3,97.0,12.0,3.1,Female,Employed Full-time,Brazil,Smartphone,Watching Videos,Yes,Yes,No,No,Yes,Fair
D30192,33,50.0,2.15,3,17.0,7.2,29.0,2,61.0,4,6,5.0,8,0,3,41.0,1.0,9.2,Female,Employed Full-time,Brazil,Smartphone,Watching Videos,No,Yes,No,No,No,Fair
D30193,23,96.0,4.58,1,90.0,6.4,49.0,0,186.0,7,8,5.0,4,2,1,47.0,63.0,11.4,Female,Student,India,Tablet,Watching Videos,No,Yes,Yes,No,Yes,Fair
D30194,29,8.0,1.63,0,4.6,9.2,2.0,3,40.0,3,4,5.0,5,1,3,67.0,176.0,0.0,Male,Employed Full-time,Australia,,Watching Videos,No,No,Yes,No,No,Fair
D30195,21,16.0,1.0,0,15.8,7.2,19.0,0,69.0,4,7,,6,0,2,52.0,3.0,8.5,Male,Student,Germany,Smartphone,Scrolling Social Media,Yes,Yes,No,No,No,Good
D30196,30,15.0,1.0,1,9.8,8.2,23.0,0,66.0,4,6,5.0,4,1,1,57.0,12.0,0.0,Male,Student,Philippines,Laptop,Watching Videos,No,Yes,No,No,No,Fair
D30197,38,39.0,2.47,1,36.5,8.1,30.0,1,75.0,5,5,5.0,5,0,6,70.0,7.0,0.0,Female,Employed Full-time,UAE,Smartphone,Scrolling Social Media,No,Yes,No,Yes,No,Poor
D30198,27,7.0,5.09,2,1.1,9.0,15.0,2,61.0,4,5,5.0,7,1,3,67.0,0.0,0.0,Female,Student,Canada,Smartphone,Reading,No,Yes,No,Yes,No,Good
D30199,24,63.0,2.8,3,16.5,7.1,31.0,3,151.0,5,10,,6,3,5,23.0,29.0,7.0,Female,Student,Canada,Laptop,No Fixed Routine,No,No,No,Yes,Yes,Poor
D30200,28,27.0,3.86,0,25.4,6.7,19.0,2,88.0,8,8,5.0,8,0,4,45.0,51.0,8.3,Female,Employed Full-time,Germany,Smartphone,Reading,No,No,Yes,Yes,No,Good
D30201,28,44.0,2.92,1,47.1,6.7,43.0,0,87.0,6,5,5.0,5,0,0,47.0,15.0,10.6,Male,Employed Full-time,Philippines,Smartphone,Watching Videos,Yes,Yes,No,Yes,No,Fair
D30202,28,47.0,5.35,1,45.5,7.3,27.0,2,101.0,5,8,5.0,4,1,3,,16.0,6.8,Female,Student,UAE,Smartphone,Scrolling Social Media,No,Yes,Yes,No,Yes,Fair
D30203,27,48.0,3.81,1,46.3,7.2,46.0,0,82.0,5,6,5.0,8,1,2,66.0,7.0,5.9,Male,Employed Full-time,Germany,Laptop,Scrolling Social Media,No,Yes,Yes,Yes,No,Good
D30204,46,7.0,3.92,1,2.3,7.9,20.0,1,78.0,4,6,,4,2,2,54.0,48.0,2.1,Male,Employed Full-time,India,Smartphone,Scrolling Social Media,No,Yes,No,Yes,No,Fair
D30205,33,20.0,3.85,0,20.0,8.5,23.0,1,,2,4,5.0,4,1,3,37.0,13.0,0.0,Female,Employed Full-time,Canada,Smartphone,,No,Yes,No,No,No,Fair
D30206,31,41.0,1.84,0,43.9,7.0,43.0,3,191.0,7,6,4.0,7,0,4,,23.0,7.3,Male,Employed Full-time,India,Smartphone,Scrolling Social Media,No,Yes,Yes,Yes,Yes,Poor
D30207,35,23.0,1.06,2,13.0,7.6,19.0,3,,1,7,,4,2,5,85.0,2.0,0.8,Male,Employed Full-time,India,Smartphone,Reading,Yes,Yes,Yes,Yes,Yes,Fair
D30208,23,58.0,2.58,1,60.2,7.5,35.0,0,164.0,3,3,4.0,6,1,2,36.0,38.0,5.1,Male,Unemployed,United States,Smartphone,Scrolling Social Media,No,Yes,No,No,Yes,Fair
D30209,23,32.0,2.12,2,13.9,7.6,16.0,0,262.0,2,6,5.0,3,3,0,39.0,237.0,3.0,Male,Student,Philippines,TV,Watching Videos,Yes,Yes,Yes,No,Yes,Fair
D30210,15,88.0,5.73,4,22.3,7.0,56.0,4,198.0,5,8,4.0,9,2,4,91.0,1.0,6.1,Male,Unemployed,Germany,Tablet,Reading,No,Yes,Yes,Yes,Yes,Poor
D30211,23,63.0,3.23,4,18.9,6.7,26.0,3,88.0,7,6,5.0,6,0,3,87.0,24.0,7.4,Male,Student,United Kingdom,TV,Scrolling Social Media,Yes,Yes,Yes,No,Yes,Fair
D30212,32,43.0,4.57,3,14.7,7.7,31.0,1,92.0,3,4,5.0,4,2,1,75.0,28.0,0.8,Male,Employed Full-time,India,Smartphone,Scrolling Social Media,No,Yes,Yes,Yes,Yes,Fair
D30213,35,27.0,3.61,2,13.1,7.9,28.0,0,99.0,1,3,5.0,6,0,1,49.0,6.0,0.0,Male,Student,India,Smartphone,Reading,No,No,No,No,No,Good
D30214,30,28.0,1.39,2,11.6,7.4,22.0,2,46.0,6,7,5.0,6,1,4,54.0,38.0,5.1,Male,,Canada,Tablet,Scrolling Social Media,Yes,No,Yes,No,No,Fair
D30215,24,27.0,2.21,1,30.0,7.6,13.0,2,11.0,3,2,5.0,7,2,2,90.0,13.0,0.3,Male,Student,United States,Smartphone,Reading,Yes,No,No,Yes,No,Good
D30216,32,45.0,11.31,2,17.7,8.0,22.0,1,146.0,4,4,5.0,6,2,1,71.0,98.0,0.1,Prefer not to say,Employed Part-time,Canada,Smartphone,Scrolling Social Media,Yes,Yes,No,No,Yes,Fair
D30217,35,51.0,5.54,2,31.7,7.7,31.0,0,47.0,4,8,,6,0,2,77.0,13.0,4.4,Female,Employed Full-time,Germany,Smartphone,No Fixed Routine,No,Yes,Yes,Yes,Yes,Fair
D30218,18,30.0,2.32,2,16.5,6.5,10.0,1,101.0,6,7,4.0,8,1,4,75.0,7.0,12.1,Male,Student,United Kingdom,Laptop,Scrolling Social Media,No,Yes,No,Yes,No,Poor
D30219,35,161.0,7.0,6,26.2,6.0,61.0,2,192.0,6,7,4.0,10,1,2,40.0,23.0,12.8,Male,Employed Full-time,Germany,Smartphone,Watching Videos,No,Yes,No,No,Yes,Poor
D30220,26,93.0,4.61,4,22.7,7.0,51.0,3,133.0,7,8,5.0,7,2,3,46.0,58.0,8.1,Female,Employed Full-time,United Kingdom,Smartphone,Scrolling Social Media,Yes,Yes,Yes,Yes,Yes,Poor
D30221,35,106.0,7.14,4,31.0,7.0,46.0,2,143.0,6,4,3.0,10,2,3,40.0,49.0,6.6,Female,,United Kingdom,Smartphone,Scrolling Social Media,No,Yes,Yes,Yes,Yes,Poor
D30222,38,57.0,2.24,0,59.8,7.2,49.0,0,142.0,5,5,4.0,7,1,2,31.0,44.0,3.8,Male,Employed Full-time,India,Smartphone,Watching Videos,Yes,Yes,Yes,Yes,Yes,Fair
D30223,32,31.0,2.71,1,31.3,8.1,38.0,0,417.0,4,5,5.0,6,1,1,,117.0,1.6,Male,Employed Part-time,Brazil,Smartphone,Scrolling Social Media,No,Yes,Yes,No,No,Poor
D30224,15,16.0,1.46,1,16.7,7.5,29.0,2,106.0,3,4,5.0,7,0,4,91.0,23.0,4.4,Female,Employed Full-time,United Kingdom,,Scrolling Social Media,No,Yes,No,No,No,Poor
D30225,29,85.0,3.61,3,29.1,7.4,40.0,2,192.0,4,5,5.0,7,1,5,19.0,34.0,1.9,Female,Employed Part-time,United States,Smartphone,Scrolling Social Media,No,No,No,Yes,Yes,Fair
D30226,40,95.0,3.58,3,31.3,7.7,40.0,2,,3,8,5.0,9,2,4,54.0,76.0,2.7,Female,Employed Full-time,India,Smartphone,,Yes,No,No,Yes,Yes,Fair
D30227,23,21.0,2.33,0,19.6,8.1,35.0,0,175.0,7,6,5.0,6,1,1,44.0,56.0,0.0,Female,Employed Full-time,India,TV,No Fixed Routine,No,Yes,Yes,No,No,Good
D30228,23,23.0,2.63,0,23.5,8.1,14.0,1,90.0,5,5,5.0,5,0,2,82.0,132.0,0.0,Male,Employed Full-time,India,Smartphone,Watching Videos,No,Yes,Yes,Yes,No,Fair
D30229,30,13.0,2.24,0,15.2,7.5,18.0,1,136.0,4,6,5.0,5,2,2,74.0,24.0,6.6,Male,Unemployed,Australia,Laptop,No Fixed Routine,Yes,Yes,Yes,No,No,Good
D30230,25,53.0,1.95,4,19.1,8.1,43.0,1,232.0,3,6,5.0,5,2,2,22.0,130.0,0.9,Male,Employed Full-time,United States,Laptop,No Fixed Routine,No,Yes,Yes,Yes,Yes,Good
D30231,21,26.0,2.94,3,2.3,8.1,30.0,1,59.0,6,6,5.0,5,1,1,60.0,37.0,0.0,Male,Unemployed,Philippines,Laptop,No Fixed Routine,No,Yes,Yes,No,No,Fair
D30232,35,27.0,3.81,1,35.6,7.4,28.0,1,75.0,3,5,5.0,3,1,3,68.0,23.0,0.0,Male,Student,United Kingdom,Smartphone,Watching Videos,Yes,Yes,No,No,Yes,Fair
D30233,30,11.0,4.17,0,10.4,6.3,12.0,2,139.0,5,6,5.0,6,4,2,63.0,98.0,10.4,Male,Employed Part-time,United States,Smartphone,Reading,No,No,Yes,No,No,Poor
D30234,37,16.0,1.29,1,16.7,7.9,10.0,1,179.0,6,9,5.0,4,2,3,36.0,49.0,0.0,Female,Employed Full-time,Brazil,Smartphone,Reading,No,No,No,No,No,Good
D30235,23,171.0,7.48,6,31.2,5.8,69.0,3,123.0,8,6,4.0,9,1,4,44.0,26.0,12.5,Female,Student,United States,Smartphone,Reading,Yes,Yes,Yes,No,Yes,Poor
D30236,22,67.0,3.81,2,29.1,9.2,49.0,0,182.0,4,8,5.0,5,0,0,49.0,22.0,0.0,Male,Student,Brazil,Smartphone,Watching Videos,Yes,Yes,No,Yes,Yes,Good
D30237,19,23.0,3.22,1,21.1,8.7,40.0,1,81.0,3,6,5.0,7,4,3,22.0,60.0,0.0,Female,Unemployed,India,Smartphone,Reading,No,Yes,No,No,Yes,Fair
D30238,26,36.0,2.17,0,34.6,7.2,21.0,1,137.0,6,7,5.0,6,2,3,72.0,15.0,6.5,Male,Student,United States,Smartphone,Meditation/Journaling,No,Yes,Yes,No,No,Good
D30239,21,60.0,3.11,2,30.7,8.2,37.0,1,56.0,4,4,5.0,4,3,2,29.0,1.0,0.0,Male,Student,Canada,TV,Scrolling Social Media,Yes,Yes,No,No,Yes,Poor
D30240,26,45.0,3.4,3,15.8,7.0,31.0,1,82.0,5,4,4.0,6,3,2,70.0,9.0,5.5,Female,Employed Part-time,India,Smartphone,Meditation/Journaling,No,Yes,Yes,No,No,Poor
D30241,34,75.0,5.43,3,25.2,7.7,35.0,1,130.0,4,7,4.0,5,0,4,16.0,4.0,0.0,Male,Employed Full-time,United States,Smartphone,Scrolling Social Media,Yes,Yes,No,No,No,Fair
D30242,27,47.0,3.15,3,18.2,7.5,23.0,1,46.0,6,7,5.0,6,1,3,15.0,42.0,0.0,Female,Employed Full-time,India,Tablet,Meditation/Journaling,No,Yes,Yes,No,Yes,Fair
D30243,23,49.0,10.12,3,16.4,7.7,47.0,3,,7,6,5.0,5,0,3,82.0,57.0,2.7,Male,Student,Nigeria,Smartphone,Watching Videos,Yes,Yes,Yes,No,Yes,Poor
D30244,43,32.0,3.21,1,29.3,8.1,32.0,2,141.0,3,4,5.0,5,0,4,57.0,2.0,0.0,Female,Student,United States,Smartphone,Meditation/Journaling,Yes,No,Yes,No,No,Good
D30245,36,36.0,2.51,2,17.6,8.1,30.0,1,143.0,4,6,5.0,4,0,4,45.0,93.0,4.1,Male,Unemployed,Canada,Smartphone,Meditation/Journaling,No,Yes,No,Yes,No,Fair
D30246,23,41.0,1.78,1,44.7,7.9,41.0,0,146.0,2,5,5.0,5,1,0,82.0,0.0,0.0,Female,Employed Full-time,Philippines,Smartphone,No Fixed Routine,Yes,Yes,No,No,Yes,Fair
D30247,33,21.0,3.88,0,16.7,6.6,23.0,1,72.0,5,5,5.0,3,0,2,79.0,10.0,11.0,Female,Unemployed,Philippines,Smartphone,Reading,No,Yes,Yes,No,Yes,Poor
D30248,30,48.0,3.39,0,48.6,7.1,17.0,3,21.0,4,2,5.0,5,2,4,33.0,32.0,7.1,Female,Student,India,Laptop,Scrolling Social Media,No,Yes,No,No,No,Poor
D30249,19,89.0,3.7,2,47.1,7.6,40.0,3,36.0,5,9,5.0,6,2,3,45.0,7.0,1.3,Female,Student,Australia,Smartphone,Watching Videos,Yes,Yes,No,Yes,No,Fair
D30250,43,15.0,2.23,0,15.9,8.2,9.0,0,69.0,7,8,,4,5,2,50.0,43.0,0.8,Male,Employed Full-time,United States,Smartphone,Reading,No,Yes,Yes,Yes,No,Good
D30251,24,57.0,2.24,1,53.0,7.3,52.0,4,101.0,6,5,3.0,9,1,4,63.0,5.0,4.2,Male,Employed Part-time,India,Smartphone,Scrolling Social Media,Yes,Yes,Yes,No,Yes,Poor
D30252,34,14.0,1.99,2,6.8,6.8,20.0,2,157.0,4,6,5.0,4,0,2,72.0,15.0,7.2,Male,Employed Full-time,United States,Smartphone,No Fixed Routine,Yes,Yes,No,Yes,No,Poor
D30253,15,57.0,3.53,3,20.0,7.3,26.0,2,82.0,2,2,5.0,9,3,3,87.0,25.0,4.1,Male,Employed Part-time,United States,Smartphone,Scrolling Social Media,Yes,Yes,No,Yes,Yes,Fair
D30254,24,12.0,1.0,2,2.5,6.9,18.0,2,18.0,2,4,5.0,7,0,3,69.0,1.0,8.3,Female,Employed Full-time,India,Smartphone,Reading,Yes,Yes,Yes,No,No,Poor
D30255,30,53.0,4.67,2,29.5,7.6,49.0,1,18.0,8,8,5.0,7,2,3,63.0,3.0,2.4,Female,Employed Full-time,United States,Tablet,No Fixed Routine,Yes,No,Yes,No,Yes,Fair
D30256,18,28.0,2.9,1,28.8,6.9,23.0,0,91.0,4,6,5.0,3,1,5,27.0,29.0,10.7,Male,Student,India,Smartphone,Scrolling Social Media,No,Yes,No,No,Yes,Good
D30257,37,55.0,2.93,1,59.0,7.1,46.0,0,,3,5,5.0,3,2,2,60.0,29.0,4.4,Female,Employed Full-time,Canada,Smartphone,Meditation/Journaling,No,Yes,No,No,Yes,Fair
D30258,21,85.0,5.67,6,11.6,7.0,45.0,4,16.0,6,8,5.0,6,1,4,32.0,3.0,6.5,Female,Student,United States,TV,Scrolling Social Media,Yes,Yes,No,No,Yes,Poor
D30259,31,16.0,3.53,0,19.0,7.8,14.0,1,274.0,3,4,5.0,5,1,4,56.0,32.0,2.2,Female,Student,India,Smartphone,Watching Videos,Yes,Yes,Yes,No,No,Good
D30260,21,29.0,1.94,2,13.6,8.1,28.0,0,80.0,6,5,5.0,3,1,1,48.0,17.0,0.5,Male,Employed Full-time,Nigeria,Smartphone,Watching Videos,No,Yes,Yes,Yes,No,Good
D30261,38,46.0,1.82,1,44.9,8.5,45.0,1,78.0,7,6,5.0,5,3,1,56.0,46.0,0.0,Female,Employed Part-time,Australia,Laptop,No Fixed Routine,No,Yes,Yes,No,No,Fair
D30262,33,67.0,6.21,3,24.2,6.5,28.0,3,109.0,5,5,5.0,4,1,4,51.0,6.0,13.2,Male,Employed Full-time,Canada,Smartphone,Scrolling Social Media,No,No,No,Yes,No,Poor
D30263,30,16.0,2.74,0,13.4,8.4,14.0,0,116.0,3,5,5.0,7,0,2,36.0,70.0,0.0,Female,Employed Full-time,Nigeria,Smartphone,,Yes,Yes,No,No,Yes,Fair
D30264,15,59.0,5.28,3,24.7,8.2,25.0,2,185.0,6,8,5.0,6,2,4,74.0,1.0,0.0,Male,Employed Full-time,United Kingdom,Smartphone,Scrolling Social Media,No,No,No,Yes,Yes,Poor
D30265,46,6.0,5.68,0,4.5,7.6,11.0,1,104.0,3,4,5.0,6,0,3,23.0,125.0,1.4,Male,Employed Part-time,India,Tablet,No Fixed Routine,Yes,Yes,No,No,No,Good
D30266,25,53.0,2.04,3,17.0,7.8,30.0,4,30.0,7,9,5.0,7,1,4,44.0,2.0,3.8,Female,Unemployed,United States,Smartphone,No Fixed Routine,No,No,No,No,Yes,Poor
D30267,23,114.0,6.76,5,19.4,6.7,65.0,3,17.0,6,6,5.0,6,2,3,16.0,0.0,6.6,Female,Student,United Kingdom,Smartphone,Scrolling Social Media,No,Yes,No,No,Yes,Poor
D30268,24,28.0,1.92,1,22.9,8.7,11.0,1,44.0,7,7,5.0,4,2,1,55.0,138.0,0.0,Female,Student,Germany,Laptop,Reading,Yes,Yes,Yes,No,No,Good
D30269,24,30.0,2.24,1,33.6,7.3,32.0,0,262.0,7,8,5.0,6,1,1,,50.0,1.9,Male,Student,United States,Smartphone,Meditation/Journaling,No,Yes,Yes,Yes,Yes,Poor
D30270,23,25.0,2.79,1,22.9,6.8,24.0,1,35.0,4,6,5.0,7,0,4,43.0,10.0,6.7,Female,Student,Germany,Tablet,Scrolling Social Media,No,No,No,No,Yes,Fair
D30271,28,107.0,7.15,6,19.1,6.4,37.0,5,107.0,3,6,5.0,6,6,6,42.0,47.0,10.1,Male,Employed Full-time,India,Laptop,Scrolling Social Media,Yes,Yes,No,Yes,Yes,Poor
D30272,19,29.0,1.69,0,27.5,8.3,28.0,0,58.0,4,5,5.0,5,1,0,57.0,35.0,0.9,Male,Employed Full-time,Philippines,Smartphone,Scrolling Social Media,Yes,Yes,No,No,No,Fair
D30273,33,21.0,2.41,1,20.8,7.4,13.0,1,45.0,3,5,5.0,7,1,1,38.0,60.0,4.8,Male,Unemployed,United States,Laptop,No Fixed Routine,Yes,No,No,No,No,Fair
D30274,50,55.0,2.68,3,16.7,8.3,29.0,1,34.0,3,4,5.0,4,0,2,0.0,92.0,0.0,Female,Employed Full-time,United States,Smartphone,Meditation/Journaling,No,Yes,No,No,No,Fair
D30275,20,90.0,3.69,4,22.4,7.7,52.0,1,54.0,5,6,5.0,7,2,2,50.0,29.0,0.0,Female,Employed Part-time,Germany,Smartphone,Scrolling Social Media,Yes,Yes,Yes,No,Yes,Fair
D30276,18,100.0,4.39,3,31.7,7.0,50.0,2,125.0,5,4,4.0,9,1,2,30.0,20.0,10.2,Female,Employed Full-time,United States,Smartphone,Reading,Yes,Yes,No,No,Yes,Poor
D30277,27,21.0,2.4,0,27.0,7.1,25.0,1,85.0,4,2,5.0,5,1,2,65.0,124.0,4.9,Female,Employed Full-time,India,Smartphone,Reading,No,Yes,No,No,No,Fair
D30278,21,35.0,1.84,2,16.5,8.0,26.0,0,190.0,5,4,5.0,5,4,1,66.0,49.0,5.1,Male,Unemployed,India,Smartphone,Meditation/Journaling,No,Yes,Yes,No,Yes,Fair
D30279,32,22.0,2.45,0,21.4,8.5,20.0,1,225.0,8,6,5.0,5,1,4,54.0,18.0,0.0,Female,Employed Full-time,Nigeria,Smartphone,Scrolling Social Media,No,Yes,Yes,No,No,Good
D30280,37,29.0,2.27,1,31.7,6.5,28.0,1,80.0,5,6,5.0,6,1,1,60.0,13.0,12.2,Male,Student,United States,Smartphone,Meditation/Journaling,Yes,No,Yes,No,Yes,Poor
D30281,19,59.0,3.33,1,58.9,7.1,25.0,2,166.0,6,9,5.0,6,0,3,36.0,25.0,8.6,Female,Employed Full-time,Nigeria,Laptop,Scrolling Social Media,No,Yes,Yes,No,No,Fair
D30282,22,32.0,3.68,1,33.4,7.6,10.0,0,44.0,8,10,5.0,4,1,1,31.0,3.0,1.3,Prefer not to say,Student,Brazil,TV,Meditation/Journaling,No,Yes,Yes,Yes,No,Good
D30283,15,5.0,2.3,0,5.8,8.6,24.0,3,171.0,2,7,5.0,7,3,3,70.0,23.0,0.0,Male,Student,United States,Tablet,Scrolling Social Media,No,Yes,No,No,No,Good
D30284,23,38.0,2.14,2,10.6,8.3,30.0,1,32.0,4,6,5.0,6,1,2,46.0,14.0,0.0,Male,Student,United States,Smartphone,Scrolling Social Media,Yes,Yes,Yes,No,Yes,Good
D30285,32,125.0,5.09,5,29.7,6.3,48.0,3,324.0,4,3,4.0,10,2,4,45.0,34.0,12.3,Female,Student,United Kingdom,Smartphone,Reading,Yes,No,No,No,No,Poor
D30286,30,53.0,5.46,1,50.5,7.4,37.0,0,,5,7,5.0,7,2,0,0.0,17.0,0.5,Female,Student,UAE,Smartphone,Scrolling Social Media,No,Yes,Yes,No,Yes,Fair
D30287,27,115.0,12.95,5,25.4,6.6,49.0,2,209.0,4,2,5.0,8,2,2,45.0,49.0,11.1,Male,Employed Full-time,Australia,Laptop,Watching Videos,Yes,Yes,Yes,No,Yes,Poor
D30288,15,42.0,2.3,2,29.7,8.2,33.0,1,,6,5,5.0,9,1,1,70.0,29.0,0.0,Female,Employed Full-time,Australia,Smartphone,Watching Videos,Yes,Yes,Yes,Yes,Yes,Fair
D30289,15,59.0,6.04,3,21.4,6.7,35.0,3,242.0,4,9,5.0,6,1,4,109.0,56.0,8.6,Male,Employed Full-time,Philippines,,Meditation/Journaling,No,Yes,Yes,No,Yes,Poor
D30290,31,20.0,1.0,2,10.6,8.1,27.0,0,117.0,5,6,5.0,6,2,0,47.0,76.0,0.0,Female,Student,UAE,Smartphone,No Fixed Routine,Yes,Yes,No,No,No,Good
D30291,21,65.0,3.51,3,24.7,6.5,15.0,2,91.0,3,3,5.0,7,2,2,,59.0,10.6,Male,Employed Full-time,Canada,Smartphone,Reading,No,Yes,No,No,No,Poor
D30292,15,81.0,3.9,3,27.9,6.9,22.0,2,80.0,4,5,5.0,6,3,2,45.0,2.0,6.6,Male,Employed Part-time,India,Smartphone,Scrolling Social Media,Yes,No,Yes,No,Yes,Fair
D30293,33,50.0,2.13,1,46.7,7.4,15.0,2,110.0,5,5,5.0,8,0,5,18.0,46.0,3.3,Male,Employed Full-time,United States,Smartphone,Scrolling Social Media,Yes,Yes,Yes,No,Yes,Poor
D30294,20,16.0,3.51,0,14.2,7.5,13.0,1,280.0,4,7,5.0,7,2,2,58.0,3.0,0.8,Prefer not to say,Employed Full-time,Australia,Smartphone,Meditation/Journaling,No,No,No,Yes,No,Poor
D30295,15,90.0,4.02,4,22.1,7.3,54.0,1,150.0,6,5,4.0,7,3,4,36.0,45.0,5.6,Prefer not to say,Employed Full-time,Australia,Laptop,Watching Videos,Yes,Yes,Yes,No,Yes,Poor
D30296,19,60.0,2.53,1,63.5,7.5,14.0,1,227.0,5,8,5.0,5,3,1,73.0,12.0,3.3,Female,Unemployed,United Kingdom,Smartphone,Meditation/Journaling,Yes,Yes,No,No,No,Good
D30297,35,55.0,2.3,2,25.2,7.3,33.0,1,150.0,5,3,5.0,8,1,2,27.0,67.0,3.4,Female,Employed Full-time,United States,Smartphone,Watching Videos,No,Yes,No,No,Yes,Fair
D30298,16,70.0,4.9,2,32.8,6.8,42.0,0,86.0,8,5,5.0,5,0,1,57.0,4.0,10.1,Female,Employed Part-time,United States,Smartphone,Scrolling Social Media,No,Yes,Yes,Yes,Yes,Poor
D30299,22,41.0,5.0,0,41.0,7.3,35.0,1,127.0,7,10,5.0,6,1,1,88.0,18.0,8.9,Male,Student,Philippines,,Watching Videos,Yes,No,Yes,No,No,Good
D30300,27,112.0,6.07,3,40.5,7.1,31.0,1,46.0,8,7,,8,0,4,32.0,22.0,3.6,Female,Unemployed,United States,Smartphone,Scrolling Social Media,No,No,Yes,Yes,Yes,Poor
D30301,24,82.0,4.19,3,30.4,6.5,50.0,1,367.0,6,9,5.0,5,1,1,27.0,1.0,8.8,Prefer not to say,Student,United Kingdom,Smartphone,Reading,No,No,No,Yes,No,Fair
D30302,25,99.0,5.44,2,41.6,7.8,31.0,0,233.0,6,6,5.0,7,1,3,53.0,16.0,0.0,Prefer not to say,Employed Part-time,United States,Smartphone,Reading,No,Yes,No,No,Yes,Fair
D30303,31,20.0,1.94,1,24.0,7.5,20.0,0,177.0,4,6,5.0,5,0,1,54.0,44.0,0.8,Male,Student,India,Smartphone,No Fixed Routine,No,No,Yes,Yes,No,Fair
D30304,28,76.0,3.17,4,25.6,6.0,48.0,2,112.0,9,9,4.0,7,4,3,3.0,67.0,17.3,Female,Unemployed,India,Smartphone,No Fixed Routine,Yes,Yes,Yes,Yes,Yes,Poor
D30305,33,104.0,5.16,4,27.7,8.1,62.0,2,160.0,6,6,5.0,9,2,3,34.0,5.0,0.0,Male,Employed Part-time,United Kingdom,Tablet,Scrolling Social Media,Yes,Yes,No,Yes,Yes,Fair
D30306,20,48.0,2.9,1,47.9,7.0,31.0,1,,3,5,5.0,3,2,1,39.0,66.0,6.4,Male,,United States,Smartphone,No Fixed Routine,No,Yes,No,Yes,No,Good
D30307,31,53.0,2.44,2,32.4,7.2,39.0,0,,6,7,5.0,4,1,2,46.0,14.0,5.9,Female,Student,Brazil,Smartphone,Reading,Yes,No,Yes,No,Yes,Poor
D30308,39,148.0,7.92,7,19.0,7.0,69.0,2,106.0,8,6,3.0,8,0,5,75.0,10.0,9.1,Female,Employed Full-time,Germany,Smartphone,Scrolling Social Media,Yes,Yes,Yes,No,Yes,Poor
D30309,20,47.0,6.04,3,15.4,7.8,22.0,2,224.0,7,9,5.0,5,1,2,,48.0,4.9,Male,Student,India,Smartphone,Scrolling Social Media,No,Yes,Yes,No,Yes,Good
D30310,37,72.0,4.2,2,33.5,6.2,28.0,1,339.0,4,7,5.0,6,2,2,78.0,7.0,13.5,Female,Employed Full-time,Canada,Tablet,Scrolling Social Media,No,Yes,Yes,No,Yes,Poor
D30311,26,49.0,2.51,2,26.6,8.2,13.0,1,176.0,5,6,5.0,4,0,4,78.0,144.0,0.0,Female,Employed Full-time,United Kingdom,Smartphone,Watching Videos,Yes,Yes,No,Yes,No,Good
D30312,43,66.0,5.34,1,71.4,7.2,29.0,2,269.0,5,7,5.0,5,1,2,51.0,12.0,6.3,Prefer not to say,Employed Full-time,United Kingdom,Smartphone,Watching Videos,No,Yes,Yes,No,Yes,Poor
D30313,23,83.0,3.26,3,29.9,6.2,23.0,2,69.0,1,4,3.0,7,0,2,84.0,16.0,11.5,Male,Employed Full-time,United States,Smartphone,Reading,No,Yes,No,No,Yes,Poor
D30314,28,41.0,5.38,1,42.4,7.8,22.0,0,247.0,2,6,5.0,5,2,1,,1.0,0.0,Male,Student,Nigeria,Smartphone,Reading,No,Yes,No,No,No,Good
D30315,28,47.0,2.6,2,26.0,7.7,8.0,2,171.0,5,5,5.0,5,2,4,85.0,7.0,6.2,Male,Student,India,Smartphone,Scrolling Social Media,No,Yes,Yes,No,Yes,Fair
D30316,36,58.0,2.82,3,14.3,6.4,35.0,2,37.0,6,7,5.0,5,1,3,37.0,1.0,9.3,Male,Student,UAE,,Watching Videos,Yes,Yes,Yes,No,Yes,Good
D30317,40,69.0,3.77,2,34.2,8.5,43.0,3,63.0,3,6,5.0,5,1,5,57.0,4.0,0.0,Female,Employed Full-time,United States,,Reading,No,Yes,No,No,No,Poor
D30318,20,27.0,3.5,0,23.0,6.8,28.0,0,270.0,6,8,5.0,4,1,0,25.0,37.0,8.6,Female,Unemployed,India,Laptop,Watching Videos,No,Yes,Yes,No,Yes,Good
D30319,40,23.0,1.12,1,24.2,6.5,32.0,0,122.0,4,4,5.0,5,2,2,,110.0,11.8,Male,Employed Full-time,Brazil,Smartphone,Reading,No,Yes,Yes,No,No,Fair
D30320,37,25.0,2.11,0,22.6,7.7,22.0,1,35.0,4,6,5.0,5,4,3,70.0,16.0,6.1,Male,Employed Full-time,India,Tablet,Watching Videos,Yes,Yes,No,Yes,No,Good
D30321,25,36.0,1.84,1,36.3,6.7,24.0,2,32.0,4,6,4.0,7,1,6,33.0,13.0,11.0,Prefer not to say,Student,Germany,Smartphone,Scrolling Social Media,Yes,Yes,No,No,No,Poor
D30322,40,29.0,3.13,1,29.6,8.0,41.0,1,156.0,2,6,5.0,3,2,2,54.0,40.0,0.0,Male,Employed Full-time,India,Laptop,Scrolling Social Media,No,Yes,No,No,Yes,Fair
D30323,17,19.0,1.23,1,11.6,6.3,8.0,0,36.0,3,4,5.0,4,3,1,71.0,3.0,12.6,Female,Student,Nigeria,Smartphone,Watching Videos,Yes,No,No,No,No,Good
D30324,27,15.0,1.0,1,16.3,8.9,16.0,2,168.0,4,7,5.0,6,0,3,17.0,67.0,0.0,Prefer not to say,Student,United States,TV,Scrolling Social Media,No,Yes,No,No,No,Good
D30325,28,97.0,4.8,2,52.1,7.2,53.0,2,69.0,6,7,5.0,9,0,3,8.0,194.0,3.0,Male,Employed Full-time,Philippines,Laptop,Watching Videos,Yes,No,Yes,No,Yes,Fair
D30326,23,70.0,5.48,3,17.2,6.2,41.0,1,142.0,7,6,3.0,9,1,4,49.0,5.0,14.4,Male,Employed Full-time,Canada,TV,Scrolling Social Media,No,Yes,Yes,Yes,Yes,Poor
D30327,32,45.0,8.51,2,20.4,7.6,41.0,0,47.0,6,9,5.0,4,1,0,50.0,139.0,5.4,Male,Student,Nigeria,TV,Scrolling Social Media,No,Yes,Yes,No,Yes,Poor
D30328,28,100.0,4.66,3,35.0,6.5,48.0,5,60.0,5,5,5.0,8,2,7,57.0,16.0,8.8,Female,Student,Canada,,No Fixed Routine,No,Yes,No,No,Yes,Poor
D30329,23,40.0,1.61,2,23.7,8.2,29.0,1,,4,6,5.0,7,1,2,47.0,45.0,0.0,Male,Student,Canada,Laptop,Reading,No,Yes,No,No,Yes,Fair
D30330,42,25.0,4.6,0,19.5,7.5,19.0,2,221.0,4,4,5.0,5,1,2,50.0,23.0,4.1,Male,Student,Brazil,Smartphone,Scrolling Social Media,No,Yes,No,Yes,No,Poor
D30331,26,64.0,2.76,2,27.2,7.4,36.0,1,255.0,5,7,5.0,9,0,1,82.0,20.0,3.8,Female,Student,Philippines,,Scrolling Social Media,No,Yes,Yes,No,Yes,Poor
D30332,27,21.0,6.38,0,26.2,7.0,20.0,1,42.0,5,5,5.0,6,2,2,76.0,32.0,3.9,Female,Employed Full-time,Philippines,Tablet,Reading,Yes,Yes,Yes,Yes,Yes,Fair
D30333,27,44.0,5.1,1,44.6,7.0,33.0,0,18.0,1,3,5.0,3,2,0,13.0,170.0,6.0,Male,Employed Full-time,Germany,Smartphone,Reading,Yes,No,No,Yes,No,Good
D30334,25,40.0,2.0,1,42.3,7.2,40.0,0,211.0,1,1,5.0,5,2,1,124.0,25.0,8.1,Male,Student,Germany,Smartphone,Scrolling Social Media,Yes,Yes,No,No,No,Good
D30335,32,24.0,3.52,0,20.7,8.5,34.0,1,120.0,1,7,5.0,4,2,3,98.0,131.0,0.0,Male,,India,Smartphone,Meditation/Journaling,Yes,Yes,No,No,No,Good
D30336,20,24.0,5.15,4,7.8,7.5,3.0,3,131.0,4,4,5.0,3,6,5,24.0,6.0,3.5,Female,Employed Full-time,United States,Smartphone,Watching Videos,No,Yes,Yes,No,Yes,Poor
D30337,21,40.0,1.73,0,44.7,7.3,18.0,0,51.0,6,7,5.0,5,1,2,33.0,56.0,7.0,Female,Employed Full-time,Nigeria,Laptop,Scrolling Social Media,Yes,Yes,Yes,No,Yes,Poor
D30338,24,95.0,4.53,4,27.0,6.5,34.0,3,137.0,7,7,5.0,6,2,3,52.0,57.0,10.4,Male,Student,Philippines,Laptop,Reading,No,Yes,Yes,Yes,No,Fair
D30339,25,38.0,4.45,2,17.9,7.8,22.0,2,44.0,3,5,5.0,9,1,4,58.0,25.0,0.0,Male,Student,India,TV,No Fixed Routine,No,Yes,No,Yes,No,Good
D30340,20,44.0,1.99,2,24.6,7.9,5.0,1,84.0,1,1,5.0,4,0,6,43.0,11.0,3.0,Female,Employed Full-time,Brazil,Smartphone,Watching Videos,No,Yes,No,No,Yes,Fair
D30341,21,90.0,5.83,5,13.4,6.7,38.0,5,,7,9,5.0,6,0,7,12.0,20.0,8.2,Male,Employed Full-time,Brazil,Smartphone,Scrolling Social Media,No,Yes,Yes,No,Yes,Poor
D30342,26,21.0,1.45,1,22.3,8.5,18.0,2,305.0,5,6,5.0,6,0,3,66.0,23.0,0.0,Male,Student,Nigeria,Laptop,No Fixed Routine,No,Yes,Yes,No,No,Good
D30343,40,34.0,3.48,1,35.0,7.4,16.0,1,101.0,3,4,5.0,4,2,1,45.0,98.0,5.0,Female,Unemployed,Philippines,Laptop,No Fixed Routine,Yes,No,No,No,No,Good
D30344,39,64.0,5.08,4,10.4,7.7,36.0,1,102.0,2,6,5.0,4,1,1,47.0,54.0,3.3,Male,Employed Full-time,Brazil,TV,Scrolling Social Media,No,Yes,No,Yes,Yes,Fair
D30345,34,65.0,5.22,2,31.7,6.7,38.0,0,103.0,4,6,3.0,8,2,0,74.0,71.0,7.2,Female,Employed Full-time,Brazil,Smartphone,Reading,Yes,Yes,No,Yes,No,Poor
D30346,37,33.0,4.01,5,11.9,6.9,16.0,2,167.0,5,7,5.0,9,4,3,51.0,11.0,11.4,Female,Employed Full-time,United Kingdom,Smartphone,Scrolling Social Media,Yes,No,Yes,No,Yes,Fair
D30347,16,43.0,2.95,2,22.2,7.2,42.0,0,600.0,6,6,5.0,3,0,2,45.0,28.0,6.0,Male,Student,Brazil,Smartphone,Scrolling Social Media,No,Yes,Yes,No,Yes,Poor
D30348,36,21.0,1.31,1,23.4,7.6,15.0,1,122.0,4,6,4.0,8,1,2,81.0,10.0,3.5,Male,Student,Canada,Smartphone,Reading,Yes,Yes,No,Yes,Yes,Poor
D30349,40,68.0,3.27,2,30.0,6.6,34.0,1,26.0,7,9,5.0,6,1,3,,53.0,11.3,Female,Student,United Kingdom,Smartphone,Scrolling Social Media,Yes,Yes,No,No,No,Fair
D30350,17,9.0,1.0,0,9.0,8.1,14.0,2,66.0,6,7,5.0,4,0,2,83.0,42.0,0.0,Male,Employed Full-time,India,Smartphone,No Fixed Routine,No,Yes,No,No,Yes,Fair
D30351,27,58.0,3.88,2,30.7,7.4,29.0,0,189.0,6,9,5.0,3,1,0,63.0,180.0,3.5,Male,Student,United States,Smartphone,Watching Videos,Yes,No,Yes,Yes,No,Fair
D30352,38,13.0,1.0,0,8.5,7.2,18.0,0,93.0,6,8,5.0,9,1,0,47.0,10.0,3.5,Male,Student,United States,Laptop,Scrolling Social Media,No,Yes,Yes,Yes,No,Good
D30353,24,41.0,5.06,2,17.1,9.0,29.0,1,24.0,2,3,5.0,6,2,2,14.0,4.0,0.0,Female,Employed Full-time,Canada,Smartphone,Reading,Yes,Yes,No,No,No,Fair
D30354,32,20.0,2.32,1,24.4,8.3,11.0,0,226.0,3,7,5.0,8,1,3,37.0,10.0,0.0,Male,Employed Full-time,Philippines,Smartphone,Scrolling Social Media,No,Yes,No,No,Yes,Good
D30355,30,14.0,2.21,2,4.2,7.3,12.0,0,151.0,6,9,5.0,6,0,1,78.0,51.0,7.7,Female,Student,Australia,Smartphone,Watching Videos,Yes,Yes,No,No,No,Good
D30356,28,52.0,5.32,3,20.7,8.7,29.0,2,93.0,5,6,5.0,5,4,3,41.0,13.0,0.0,Male,Unemployed,Germany,TV,No Fixed Routine,Yes,No,No,No,No,Fair
D30357,25,50.0,3.4,3,16.4,7.4,20.0,2,35.0,3,4,5.0,6,0,4,56.0,40.0,4.6,Female,Employed Part-time,Canada,Smartphone,Reading,No,Yes,No,Yes,Yes,Poor
D30358,20,121.0,6.68,6,27.2,6.6,44.0,3,165.0,5,6,5.0,7,0,4,65.0,47.0,12.0,Female,Employed Full-time,India,Laptop,Meditation/Journaling,Yes,Yes,No,Yes,Yes,Poor
D30359,35,45.0,2.37,2,23.7,9.4,13.0,1,58.0,5,6,5.0,6,1,2,62.0,5.0,0.0,Female,Employed Part-time,Australia,Smartphone,Scrolling Social Media,No,Yes,No,No,Yes,Good
D30360,18,88.0,4.51,3,33.9,6.8,54.0,2,277.0,4,6,5.0,5,3,5,27.0,73.0,7.9,Male,Unemployed,Brazil,Smartphone,Scrolling Social Media,No,Yes,No,No,Yes,Poor
D30361,32,69.0,6.2,2,35.0,6.5,18.0,0,223.0,6,7,5.0,4,2,2,83.0,90.0,6.3,Female,Employed Part-time,India,Smartphone,Scrolling Social Media,Yes,No,Yes,Yes,Yes,Poor
D30362,25,45.0,2.67,1,43.7,7.3,33.0,1,28.0,3,4,5.0,6,0,3,44.0,43.0,5.5,Prefer not to say,Employed Full-time,United States,Smartphone,Watching Videos,Yes,Yes,Yes,Yes,No,Fair
D30363,35,88.0,5.43,4,24.5,7.5,36.0,3,260.0,7,6,2.0,10,2,3,64.0,137.0,3.0,Prefer not to say,Employed Full-time,United States,Smartphone,Watching Videos,Yes,Yes,No,No,Yes,Poor
D30364,33,43.0,4.13,0,48.4,8.7,18.0,1,394.0,2,7,5.0,5,1,2,85.0,26.0,0.0,Male,Employed Part-time,Germany,Smartphone,Scrolling Social Media,No,Yes,No,No,No,Good
D30365,26,10.0,1.45,0,10.3,8.3,24.0,1,258.0,4,9,5.0,7,0,1,27.0,1.0,0.0,Female,Employed Full-time,UAE,Smartphone,Watching Videos,No,Yes,No,Yes,No,Poor
D30366,32,43.0,3.37,2,24.9,7.4,34.0,0,120.0,9,10,5.0,7,0,2,58.0,97.0,3.4,Male,Student,Brazil,Smartphone,Reading,No,Yes,Yes,No,No,Good
D30367,21,48.0,1.86,2,23.8,8.4,45.0,2,32.0,1,4,5.0,7,3,3,54.0,0.0,0.0,Female,Student,India,Smartphone,Scrolling Social Media,No,Yes,No,No,No,Good
D30368,27,83.0,4.45,3,31.3,8.1,43.0,2,84.0,4,6,5.0,10,2,2,64.0,9.0,0.0,Female,Employed Part-time,Nigeria,Smartphone,Scrolling Social Media,Yes,Yes,No,No,Yes,Fair
D30369,31,45.0,1.83,0,45.7,7.4,11.0,2,309.0,4,6,5.0,6,1,3,37.0,9.0,5.2,Female,Employed Full-time,Brazil,Smartphone,Scrolling Social Media,Yes,Yes,No,No,No,Fair
D30370,20,80.0,5.69,3,29.9,6.3,44.0,2,210.0,6,7,5.0,8,0,2,40.0,12.0,11.7,Male,Employed Part-time,India,Smartphone,Scrolling Social Media,No,Yes,Yes,No,Yes,Fair
D30371,31,57.0,4.3,4,16.4,8.3,35.0,2,116.0,5,7,5.0,3,1,5,58.0,60.0,0.0,Male,Unemployed,Philippines,Smartphone,Scrolling Social Media,Yes,Yes,Yes,No,Yes,Poor
D30372,33,22.0,1.67,0,23.5,6.8,17.0,5,65.0,7,6,5.0,6,0,8,50.0,50.0,8.7,Male,Student,India,Smartphone,Watching Videos,No,Yes,No,No,Yes,Poor
D30373,37,22.0,5.48,0,20.7,7.7,21.0,1,98.0,2,8,5.0,7,3,2,76.0,6.0,5.2,Prefer not to say,Employed Part-time,India,Smartphone,Reading,Yes,No,No,No,No,Good
D30374,33,27.0,4.17,1,23.1,7.4,17.0,0,200.0,2,4,5.0,5,1,0,70.0,105.0,7.5,Male,Employed Full-time,India,Smartphone,Scrolling Social Media,No,No,Yes,Yes,No,Good
D30375,26,83.0,4.46,2,42.0,7.2,36.0,0,39.0,8,6,5.0,6,3,0,34.0,15.0,5.7,Female,Student,Germany,Smartphone,Scrolling Social Media,Yes,Yes,Yes,No,Yes,Fair
D30376,23,86.0,5.22,5,16.8,6.0,34.0,2,258.0,5,7,5.0,6,2,4,,29.0,13.8,Male,Student,India,Smartphone,Reading,Yes,No,No,No,Yes,Poor
D30377,28,21.0,2.3,0,24.2,8.0,12.0,2,104.0,3,5,5.0,7,2,3,,10.0,0.0,Female,,Brazil,Laptop,Watching Videos,No,Yes,No,No,No,Good
D30378,28,27.0,2.01,0,23.7,6.7,2.0,0,139.0,6,6,5.0,5,0,1,,186.0,9.9,Male,Student,India,Smartphone,Reading,Yes,No,Yes,Yes,No,Good
D30379,36,85.0,6.25,4,21.4,6.8,58.0,2,198.0,2,6,5.0,6,2,4,26.0,70.0,10.3,Male,Employed Part-time,India,Smartphone,Reading,Yes,Yes,No,Yes,Yes,Poor
D30380,26,44.0,3.85,1,45.4,8.1,25.0,2,180.0,6,6,5.0,6,3,5,72.0,18.0,0.0,Male,Student,Brazil,Smartphone,,Yes,Yes,Yes,No,No,Good
D30381,15,32.0,4.47,2,19.2,8.1,5.0,0,253.0,7,9,5.0,2,1,2,35.0,45.0,0.0,Male,Student,India,Smartphone,Scrolling Social Media,No,Yes,Yes,Yes,Yes,Fair
D30382,31,46.0,4.52,3,21.7,7.9,27.0,3,77.0,7,5,5.0,6,2,5,33.0,24.0,0.0,Male,Employed Full-time,India,Smartphone,Watching Videos,Yes,Yes,Yes,No,No,Good
D30383,31,41.0,6.57,1,40.5,7.9,25.0,1,29.0,3,4,5.0,3,1,2,55.0,75.0,1.8,Male,Student,Brazil,Tablet,Scrolling Social Media,No,No,Yes,No,Yes,Good
D30384,36,31.0,3.67,1,33.9,8.0,2.0,2,15.0,1,4,5.0,7,1,4,22.0,41.0,0.0,Female,Student,United Kingdom,Laptop,Watching Videos,No,No,No,No,No,Poor
D30385,37,51.0,4.21,1,54.1,7.5,31.0,0,100.0,6,10,5.0,6,2,0,33.0,81.0,1.6,Female,Student,United Kingdom,Smartphone,Reading,Yes,Yes,Yes,Yes,No,Good
D30386,33,36.0,3.41,1,37.0,6.7,15.0,0,376.0,6,9,5.0,6,1,0,52.0,2.0,6.2,Female,Student,Nigeria,Smartphone,Scrolling Social Media,No,Yes,Yes,No,No,Good
D30387,25,29.0,4.98,2,9.3,7.6,25.0,2,130.0,4,7,5.0,6,0,2,64.0,129.0,1.0,Female,Unemployed,Germany,Smartphone,Reading,Yes,Yes,Yes,No,No,Fair
D30388,30,98.0,4.93,5,18.3,6.1,48.0,2,59.0,6,8,3.0,8,2,2,10.0,36.0,13.7,Female,Employed Part-time,Canada,Smartphone,Reading,No,Yes,Yes,No,Yes,Poor
D30389,20,75.0,4.57,4,17.1,6.3,50.0,4,151.0,5,6,5.0,8,2,4,84.0,33.0,14.0,Male,Student,Germany,Smartphone,No Fixed Routine,No,Yes,No,No,Yes,Poor
D30390,21,37.0,1.83,1,40.7,6.9,23.0,0,34.0,6,8,5.0,5,0,0,56.0,19.0,6.5,Female,Employed Full-time,India,Smartphone,No Fixed Routine,No,Yes,Yes,No,No,Good
D30391,24,57.0,2.94,4,19.2,8.0,28.0,1,21.0,7,8,,7,0,6,,4.0,0.0,Prefer not to say,Student,Canada,Smartphone,Scrolling Social Media,No,Yes,Yes,No,Yes,Fair
D30392,23,68.0,5.53,3,24.7,5.5,32.0,2,27.0,5,7,5.0,7,2,3,69.0,1.0,18.5,Female,Employed Full-time,India,Laptop,Scrolling Social Media,No,Yes,No,Yes,Yes,Poor
D30393,23,36.0,2.44,0,36.4,7.9,11.0,1,74.0,4,4,5.0,5,2,3,76.0,115.0,3.2,Female,Student,United States,Tablet,Reading,Yes,Yes,Yes,No,No,Good
D30394,31,13.0,2.11,1,16.2,8.9,9.0,2,100.0,4,5,5.0,8,2,3,35.0,55.0,0.0,Male,Employed Part-time,Philippines,Laptop,Meditation/Journaling,Yes,No,Yes,No,No,Fair
D30395,36,109.0,9.77,4,29.7,8.2,35.0,1,144.0,3,6,5.0,5,1,2,10.0,81.0,2.7,Male,Employed Full-time,United States,Smartphone,Reading,Yes,Yes,No,Yes,Yes,Good
D30396,19,73.0,3.3,2,29.7,7.2,37.0,1,204.0,5,8,5.0,7,0,6,72.0,75.0,6.6,Male,Student,United Kingdom,Smartphone,Meditation/Journaling,Yes,No,Yes,No,No,Fair
D30397,30,28.0,2.15,0,26.8,7.6,22.0,0,29.0,2,3,5.0,6,0,1,73.0,39.0,3.6,Female,Student,India,Tablet,No Fixed Routine,No,Yes,No,Yes,No,Good
D30398,23,36.0,5.53,2,19.5,8.5,27.0,0,51.0,4,5,5.0,4,2,2,43.0,33.0,0.0,Male,Student,United Kingdom,,Reading,Yes,Yes,No,Yes,No,Poor
D30399,21,23.0,1.0,3,10.0,8.4,23.0,3,153.0,3,7,5.0,5,1,4,30.0,27.0,0.0,Female,Student,Canada,Smartphone,Scrolling Social Media,No,Yes,No,No,No,Poor
D30400,21,59.0,4.45,3,17.4,7.6,45.0,2,122.0,6,8,3.0,10,0,2,79.0,88.0,0.9,Male,Student,India,Smartphone,,No,Yes,No,No,Yes,Poor
D30401,24,91.0,5.31,4,23.4,6.5,50.0,2,41.0,7,8,,7,1,2,16.0,16.0,12.8,Female,Student,UAE,Smartphone,Scrolling Social Media,No,Yes,No,No,Yes,Poor
D30402,20,36.0,1.59,4,7.3,7.3,33.0,2,44.0,3,9,5.0,5,0,2,55.0,13.0,2.2,Prefer not to say,Unemployed,United Kingdom,Smartphone,Reading,Yes,Yes,No,No,No,Fair
D30403,25,71.0,6.43,0,75.9,7.0,33.0,0,14.0,2,7,4.0,6,3,1,94.0,54.0,5.9,Male,Unemployed,India,Laptop,Reading,Yes,Yes,No,Yes,No,Poor
D30404,28,36.0,1.76,3,12.5,6.2,19.0,1,80.0,4,6,5.0,6,1,4,78.0,11.0,12.4,Female,Employed Full-time,India,Laptop,Watching Videos,No,Yes,Yes,No,Yes,Fair
D30405,33,36.0,1.69,1,33.9,7.9,12.0,2,102.0,4,6,5.0,3,1,2,66.0,10.0,0.0,Male,Student,India,Laptop,Scrolling Social Media,No,Yes,Yes,Yes,Yes,Fair
D30406,39,38.0,3.28,2,18.3,7.5,3.0,2,256.0,5,5,5.0,7,0,5,38.0,1.0,4.9,Female,,Philippines,Smartphone,Scrolling Social Media,Yes,Yes,No,Yes,Yes,Fair
D30407,18,44.0,2.89,1,41.8,8.2,7.0,0,,6,7,5.0,4,1,1,73.0,20.0,1.4,Prefer not to say,Student,UAE,Smartphone,No Fixed Routine,No,Yes,No,No,No,Good
D30408,24,4.0,3.58,0,8.8,7.3,8.0,1,26.0,4,6,5.0,3,0,2,51.0,67.0,5.4,Male,Student,Philippines,Tablet,Watching Videos,Yes,Yes,Yes,No,Yes,Fair
D30409,21,60.0,3.68,3,18.0,6.2,35.0,2,248.0,4,9,4.0,7,0,2,41.0,4.0,9.6,Male,Student,Canada,Smartphone,No Fixed Routine,Yes,Yes,No,Yes,No,Poor
D30410,18,31.0,2.88,2,17.6,7.9,29.0,3,21.0,4,5,5.0,8,0,4,23.0,6.0,0.0,Female,,UAE,Smartphone,Reading,Yes,No,No,No,No,Fair
D30411,34,50.0,2.9,1,53.1,7.8,44.0,1,184.0,4,8,5.0,5,2,4,55.0,56.0,0.0,Female,Student,Australia,TV,No Fixed Routine,Yes,No,No,No,No,Fair
D30412,32,78.0,5.66,3,21.8,6.7,44.0,4,30.0,5,8,5.0,5,1,5,50.0,14.0,8.7,Male,Student,Germany,Smartphone,Scrolling Social Media,No,Yes,No,Yes,Yes,Poor
D30413,42,29.0,1.8,2,19.1,5.3,15.0,0,98.0,7,10,5.0,5,1,0,104.0,50.0,15.4,Male,Employed Part-time,India,Smartphone,Watching Videos,No,Yes,No,No,No,Poor
D30414,26,35.0,2.58,2,17.7,8.5,24.0,2,186.0,6,8,5.0,8,2,2,42.0,37.0,0.0,Male,Unemployed,India,,Reading,No,No,Yes,Yes,No,Good
D30415,16,14.0,2.23,2,5.3,7.2,19.0,1,,5,5,5.0,7,1,2,38.0,6.0,8.7,Female,Employed Part-time,Australia,Tablet,Scrolling Social Media,No,Yes,Yes,No,Yes,Fair
D30416,23,69.0,5.15,3,25.0,7.6,37.0,1,161.0,4,4,5.0,5,4,3,47.0,25.0,2.4,Female,Unemployed,United States,Laptop,Reading,No,No,No,No,Yes,Good
D30417,27,54.0,2.72,1,56.5,7.4,31.0,0,46.0,3,3,5.0,6,1,1,56.0,38.0,7.9,Prefer not to say,Employed Full-time,India,Tablet,Scrolling Social Media,No,Yes,No,Yes,Yes,Fair
D30418,21,68.0,4.06,2,39.8,7.5,43.0,2,8.0,7,7,,6,3,2,83.0,31.0,0.2,Female,Student,Canada,Tablet,Reading,No,Yes,Yes,No,No,Fair
D30419,22,59.0,12.06,2,30.0,7.4,30.0,0,255.0,6,7,,6,4,1,40.0,10.0,4.0,Male,Employed Part-time,Germany,Laptop,Watching Videos,Yes,No,Yes,No,Yes,Poor
D30420,23,106.0,5.33,4,27.7,8.0,38.0,3,363.0,3,5,5.0,5,2,5,41.0,72.0,2.2,Male,Employed Full-time,Philippines,Laptop,Reading,Yes,No,No,No,Yes,Poor
D30421,24,86.0,4.85,3,28.9,7.7,16.0,2,8.0,5,7,5.0,3,3,4,70.0,5.0,1.9,Female,Employed Full-time,Canada,Smartphone,Reading,No,No,No,Yes,No,Fair
D30422,16,119.0,5.41,6,15.1,7.2,44.0,2,134.0,6,8,5.0,5,3,2,42.0,15.0,8.7,Male,Student,India,Laptop,Scrolling Social Media,No,Yes,No,No,Yes,Poor
D30423,29,28.0,2.03,1,25.2,8.2,26.0,1,,5,9,5.0,5,1,2,74.0,21.0,0.0,Male,Employed Part-time,Philippines,Smartphone,Meditation/Journaling,Yes,Yes,No,No,Yes,Good
D30424,21,31.0,1.14,2,20.8,8.7,29.0,2,145.0,3,3,5.0,8,4,2,73.0,63.0,0.0,Female,Student,United States,Smartphone,Reading,Yes,No,No,No,No,Good
D30425,17,20.0,2.09,0,19.0,7.4,7.0,0,121.0,2,4,5.0,3,0,1,,208.0,2.8,Male,Student,Nigeria,Smartphone,Reading,No,Yes,No,No,No,Poor
D30426,27,25.0,3.7,0,31.2,7.0,32.0,1,34.0,3,4,5.0,1,2,1,,27.0,6.4,Prefer not to say,Student,United States,Smartphone,Reading,No,Yes,Yes,Yes,No,Good
D30427,25,46.0,2.88,2,25.7,7.7,21.0,1,104.0,5,6,5.0,5,1,2,45.0,26.0,1.3,Male,Student,India,Laptop,Scrolling Social Media,Yes,Yes,Yes,No,No,Fair
D30428,26,18.0,1.37,0,18.5,7.8,22.0,1,,3,8,5.0,7,3,1,76.0,24.0,2.0,Male,Student,United States,Tablet,Scrolling Social Media,Yes,No,No,Yes,No,Good
D30429,28,21.0,2.36,1,20.4,8.1,6.0,2,11.0,6,8,5.0,9,2,3,75.0,18.0,0.5,Female,Employed Full-time,United States,TV,Meditation/Journaling,No,Yes,Yes,No,No,Good
D30430,21,95.0,6.16,3,30.9,6.3,47.0,1,324.0,7,10,5.0,8,0,2,36.0,73.0,14.6,Male,Student,United States,Smartphone,Scrolling Social Media,No,Yes,No,No,Yes,Fair
D30431,21,75.0,3.81,5,21.8,6.8,41.0,2,77.0,5,5,4.0,7,1,5,,3.0,9.2,Male,Employed Full-time,India,Smartphone,Scrolling Social Media,No,Yes,No,No,Yes,Poor
D30432,37,72.0,3.13,5,8.4,7.4,30.0,3,120.0,8,8,5.0,7,1,3,49.0,49.0,0.0,Female,Employed Part-time,UAE,Laptop,Meditation/Journaling,No,No,Yes,No,Yes,Fair
D30433,25,37.0,3.2,3,9.9,6.8,36.0,1,416.0,6,6,5.0,4,3,1,32.0,48.0,6.5,Prefer not to say,Unemployed,Germany,Smartphone,Reading,No,No,Yes,No,No,Poor
D30434,29,40.0,2.8,2,16.6,8.6,15.0,0,67.0,2,3,5.0,6,2,0,51.0,20.0,0.0,Female,Employed Full-time,Canada,Smartphone,No Fixed Routine,No,Yes,No,No,Yes,Fair
D30435,28,101.0,9.52,6,14.0,8.4,48.0,4,23.0,3,4,5.0,8,1,6,68.0,14.0,0.0,Male,Employed Full-time,United Kingdom,,Scrolling Social Media,No,Yes,No,No,Yes,Poor
D30436,33,57.0,2.56,1,54.5,7.5,27.0,2,101.0,6,6,5.0,10,1,2,58.0,76.0,6.0,Female,Student,Germany,Smartphone,Scrolling Social Media,Yes,Yes,No,No,No,Fair
D30437,36,17.0,1.13,2,7.4,7.2,5.0,1,53.0,5,6,5.0,7,1,3,15.0,32.0,7.9,Female,Student,India,TV,No Fixed Routine,Yes,Yes,No,Yes,No,Good
D30438,29,23.0,2.0,1,22.6,7.8,3.0,0,121.0,1,9,5.0,4,1,1,72.0,21.0,3.6,Female,Student,India,Laptop,Scrolling Social Media,Yes,Yes,Yes,No,No,Good
D30439,16,56.0,2.5,3,27.8,7.9,27.0,3,213.0,5,7,4.0,8,0,5,41.0,20.0,0.0,Female,Student,India,Smartphone,Scrolling Social Media,No,Yes,Yes,Yes,Yes,Poor
D30440,21,15.0,2.44,0,12.8,7.3,7.0,1,177.0,4,9,5.0,7,4,1,37.0,12.0,4.8,Male,Unemployed,United States,Laptop,Scrolling Social Media,No,No,No,No,No,Poor
D30441,38,37.0,1.99,1,36.0,6.5,17.0,0,,5,6,5.0,2,2,1,71.0,10.0,12.2,Male,Student,UAE,Smartphone,Watching Videos,No,Yes,Yes,No,No,Good
D30442,47,47.0,2.03,2,20.9,8.0,22.0,1,,1,6,5.0,8,1,3,85.0,12.0,0.0,Male,Employed Full-time,Philippines,Smartphone,No Fixed Routine,Yes,Yes,No,No,No,Good
D30443,22,44.0,2.23,3,11.5,7.7,23.0,2,206.0,7,9,5.0,6,0,5,85.0,8.0,0.6,Male,Student,Canada,Smartphone,Meditation/Journaling,Yes,Yes,Yes,No,Yes,Poor
D30444,22,78.0,4.34,4,19.9,7.7,28.0,3,276.0,9,8,5.0,6,0,3,,17.0,4.2,Male,Employed Full-time,United Kingdom,Laptop,Scrolling Social Media,Yes,Yes,Yes,Yes,Yes,Poor
D30445,15,15.0,1.88,0,14.4,7.7,13.0,1,171.0,2,7,5.0,7,1,1,,46.0,0.0,Male,Employed Full-time,India,Tablet,Scrolling Social Media,Yes,No,No,No,No,Good
D30446,15,34.0,1.99,2,11.9,7.2,39.0,1,106.0,3,5,4.0,10,3,3,66.0,78.0,5.7,Female,Employed Full-time,India,Smartphone,Scrolling Social Media,No,Yes,No,No,Yes,Poor
D30447,21,42.0,1.92,2,22.8,6.9,26.0,1,154.0,6,7,5.0,6,0,2,,108.0,7.2,Male,,Australia,Smartphone,,No,No,No,No,No,Good
D30448,29,31.0,1.84,1,27.8,8.0,31.0,0,144.0,5,7,5.0,4,3,0,59.0,14.0,0.0,Male,Student,Canada,Smartphone,No Fixed Routine,No,Yes,No,No,No,Fair
D30449,31,29.0,2.6,1,23.8,6.5,30.0,0,217.0,3,6,5.0,7,0,0,61.0,50.0,9.4,Female,Student,Nigeria,Laptop,Reading,Yes,Yes,No,No,No,Good
D30450,37,55.0,2.8,1,52.6,5.9,22.0,1,117.0,5,6,5.0,6,3,3,9.0,50.0,19.2,Male,Employed Full-time,United Kingdom,Tablet,Meditation/Journaling,No,Yes,Yes,No,Yes,Good
D30451,19,67.0,2.56,3,27.2,7.6,29.0,2,79.0,7,7,5.0,6,0,5,,17.0,5.6,Male,Employed Full-time,United Kingdom,Smartphone,Meditation/Journaling,No,No,Yes,No,Yes,Fair
D30452,31,24.0,1.48,0,23.7,8.2,16.0,0,150.0,3,6,5.0,8,2,1,69.0,21.0,0.9,Female,Employed Full-time,United States,Smartphone,Meditation/Journaling,No,Yes,No,No,No,Fair
D30453,26,69.0,5.55,2,34.9,6.9,25.0,2,109.0,5,7,5.0,2,3,3,0.0,10.0,8.7,Male,Employed Part-time,India,Smartphone,Meditation/Journaling,Yes,No,No,Yes,No,Poor
D30454,36,61.0,3.46,4,16.6,7.5,22.0,2,190.0,4,5,5.0,8,1,2,43.0,20.0,3.7,Male,Employed Full-time,United States,Smartphone,Scrolling Social Media,No,Yes,No,No,Yes,Poor
D30455,25,88.0,4.58,4,28.8,7.8,38.0,1,15.0,6,7,3.0,7,3,5,,57.0,2.4,Prefer not to say,Employed Full-time,India,Laptop,Reading,Yes,Yes,Yes,Yes,Yes,Fair
D30456,26,30.0,1.14,1,34.6,8.5,20.0,0,174.0,1,6,5.0,5,0,2,50.0,53.0,0.0,Female,Unemployed,United Kingdom,Smartphone,No Fixed Routine,No,Yes,No,No,No,Good
D30457,22,27.0,3.27,1,25.1,7.7,29.0,1,63.0,4,3,5.0,3,0,3,74.0,30.0,1.5,Female,Employed Full-time,United States,Smartphone,Scrolling Social Media,Yes,Yes,Yes,No,Yes,Fair
D30458,28,53.0,4.99,2,28.6,6.2,25.0,2,,5,8,4.0,5,1,2,27.0,117.0,8.5,Male,Student,India,TV,No Fixed Routine,No,Yes,Yes,No,Yes,Poor
D30459,15,14.0,1.78,1,13.4,8.5,28.0,0,151.0,3,5,5.0,4,1,0,71.0,66.0,0.0,Male,Student,India,Tablet,Watching Videos,Yes,Yes,Yes,Yes,Yes,Fair
D30460,42,46.0,2.29,1,47.4,7.2,14.0,1,169.0,5,7,5.0,4,4,2,32.0,14.0,4.8,Female,Unemployed,India,Laptop,No Fixed Routine,No,No,Yes,No,No,Good
D30461,31,44.0,4.12,1,40.7,7.6,4.0,1,173.0,2,5,5.0,9,1,1,47.0,31.0,3.5,Male,Student,India,Smartphone,Scrolling Social Media,No,No,No,No,No,Good
D30462,32,43.0,3.0,3,14.9,8.2,23.0,3,65.0,5,8,5.0,6,2,4,49.0,96.0,0.0,Male,Employed Part-time,India,Tablet,Scrolling Social Media,Yes,Yes,Yes,No,Yes,Fair
D30463,26,30.0,1.66,2,13.3,7.7,27.0,0,60.0,3,5,5.0,5,2,1,55.0,2.0,3.0,Female,Student,Canada,Smartphone,No Fixed Routine,No,No,No,No,No,Good
D30464,20,69.0,4.92,2,36.4,7.5,20.0,0,32.0,5,5,5.0,7,0,2,0.0,23.0,1.3,Female,Employed Part-time,India,Smartphone,Meditation/Journaling,No,Yes,Yes,Yes,Yes,Poor
D30465,29,55.0,2.43,1,59.0,6.1,35.0,2,156.0,9,8,4.0,10,1,4,83.0,1.0,13.5,Female,Employed Full-time,Nigeria,TV,No Fixed Routine,No,Yes,Yes,No,Yes,Poor
D30466,23,25.0,2.99,1,30.1,7.6,10.0,1,234.0,4,6,5.0,5,1,1,90.0,33.0,2.4,Female,Employed Full-time,Philippines,Smartphone,Reading,Yes,Yes,No,Yes,No,Good
D30467,30,62.0,7.49,4,17.6,6.5,39.0,4,103.0,3,5,5.0,7,0,5,50.0,50.0,7.9,Female,Employed Part-time,Australia,Smartphone,Reading,Yes,Yes,No,No,No,Good
D30468,21,58.0,5.51,2,25.5,7.4,34.0,2,94.0,2,3,5.0,5,2,2,59.0,59.0,5.0,Male,Employed Full-time,India,Smartphone,Scrolling Social Media,Yes,No,No,No,No,Fair
D30469,30,23.0,1.39,1,25.3,7.2,3.0,1,301.0,4,8,5.0,6,0,3,56.0,58.0,3.9,Female,Employed Part-time,India,Laptop,Scrolling Social Media,Yes,Yes,Yes,Yes,No,Good
D30470,33,58.0,3.68,2,30.9,7.5,32.0,0,210.0,3,3,5.0,5,3,0,63.0,34.0,0.8,Male,Employed Full-time,Australia,Smartphone,Reading,Yes,No,Yes,No,No,Good
D30471,26,69.0,3.75,3,21.9,7.8,35.0,3,20.0,6,4,4.0,9,2,4,104.0,22.0,0.5,Male,Unemployed,Nigeria,Laptop,Meditation/Journaling,No,Yes,No,No,Yes,Poor
D30472,21,52.0,2.39,3,23.6,6.5,38.0,2,19.0,4,5,5.0,8,2,2,76.0,14.0,10.7,Female,Employed Part-time,United Kingdom,TV,Reading,No,Yes,No,Yes,Yes,Poor
D30473,20,63.0,3.48,2,40.1,7.1,23.0,0,171.0,8,7,5.0,4,0,2,76.0,22.0,6.9,Female,Student,India,,Watching Videos,No,Yes,Yes,No,Yes,Poor
D30474,42,76.0,5.07,4,22.2,7.2,32.0,2,89.0,7,10,5.0,6,1,4,50.0,86.0,3.7,Female,Student,Nigeria,Smartphone,No Fixed Routine,No,No,No,No,Yes,Fair
D30475,31,13.0,3.3,0,7.8,6.9,8.0,0,156.0,5,4,,4,1,2,51.0,38.0,7.6,Female,Student,United States,Smartphone,Reading,No,Yes,No,No,No,Fair
D30476,26,4.0,2.39,0,1.8,8.4,11.0,2,81.0,4,7,5.0,7,1,3,102.0,22.0,0.0,Prefer not to say,Employed Full-time,India,Smartphone,No Fixed Routine,Yes,Yes,Yes,Yes,No,Good
D30477,21,21.0,2.51,0,19.6,8.0,32.0,0,,7,6,5.0,4,2,1,37.0,12.0,3.3,Male,Employed Full-time,Germany,Smartphone,No Fixed Routine,Yes,No,Yes,No,No,Good
D30478,38,92.0,4.11,3,34.1,6.3,24.0,2,,4,6,5.0,3,1,2,35.0,16.0,12.6,Female,Student,Australia,Smartphone,Scrolling Social Media,No,Yes,Yes,No,Yes,Poor
D30479,22,17.0,5.15,1,21.4,7.8,8.0,0,69.0,2,1,5.0,3,3,0,38.0,80.0,0.7,Female,Student,Philippines,Smartphone,Watching Videos,Yes,Yes,No,No,No,Good
D30480,15,8.0,1.41,0,4.7,7.3,26.0,0,57.0,2,5,,7,0,1,49.0,10.0,1.5,Male,Employed Part-time,United States,Smartphone,Scrolling Social Media,Yes,Yes,Yes,No,No,Good
D30481,17,96.0,3.88,3,32.1,6.1,25.0,1,55.0,7,8,5.0,4,1,1,28.0,6.0,16.2,Male,,United States,Smartphone,Watching Videos,No,Yes,Yes,No,Yes,Poor
D30482,37,33.0,1.92,3,13.4,6.0,46.0,3,5.0,5,3,4.0,8,0,4,17.0,4.0,14.7,Male,Unemployed,Philippines,TV,Watching Videos,No,Yes,No,No,Yes,Poor
D30483,17,28.0,1.79,1,26.1,7.2,30.0,0,94.0,6,7,5.0,6,1,0,30.0,12.0,11.0,Female,Student,Australia,Smartphone,,Yes,Yes,Yes,No,No,Good
D30484,19,43.0,8.33,2,26.0,7.2,28.0,2,141.0,4,6,5.0,4,0,4,32.0,56.0,5.2,Male,Employed Part-time,Philippines,Laptop,Scrolling Social Media,Yes,No,No,Yes,No,Fair
D30485,26,38.0,12.34,2,18.9,7.2,22.0,0,68.0,5,8,5.0,7,2,1,54.0,135.0,4.7,Male,,United Kingdom,Smartphone,Meditation/Journaling,Yes,Yes,Yes,No,Yes,Fair
D30486,31,105.0,5.09,6,13.1,8.0,47.0,3,150.0,5,7,4.0,6,2,3,41.0,26.0,0.8,Female,Unemployed,India,,Watching Videos,No,Yes,No,Yes,Yes,Poor
D30487,29,42.0,3.67,1,44.3,7.2,26.0,3,232.0,5,7,5.0,8,2,3,66.0,4.0,8.2,Male,Employed Full-time,India,Smartphone,No Fixed Routine,No,Yes,Yes,No,No,Fair
D30488,32,39.0,3.71,1,40.2,7.9,27.0,2,,4,5,5.0,5,1,3,68.0,32.0,0.0,Female,Employed Full-time,India,TV,Watching Videos,Yes,Yes,No,Yes,No,Fair
D30489,27,67.0,2.73,2,36.5,7.3,34.0,1,175.0,3,4,5.0,6,1,2,,62.0,7.2,Female,Employed Full-time,UAE,Smartphone,Meditation/Journaling,Yes,Yes,Yes,Yes,No,Fair
D30490,39,122.0,5.95,5,25.2,6.6,58.0,2,60.0,9,8,4.0,6,1,3,13.0,64.0,12.0,Female,Unemployed,Nigeria,Smartphone,Watching Videos,No,Yes,Yes,Yes,Yes,Poor
D30491,31,82.0,7.43,5,19.8,5.8,26.0,4,61.0,7,8,5.0,6,0,4,61.0,40.0,15.2,Male,Employed Full-time,United States,Laptop,Reading,No,Yes,No,No,Yes,Poor
D30492,19,67.0,3.42,2,30.7,7.8,31.0,2,36.0,4,10,5.0,7,1,2,17.0,40.0,2.3,Male,Unemployed,Philippines,Smartphone,Scrolling Social Media,No,Yes,No,Yes,Yes,Poor
D30493,29,39.0,4.04,3,13.0,9.4,28.0,2,,5,7,5.0,5,1,4,83.0,43.0,0.0,Female,Student,Brazil,Smartphone,Watching Videos,Yes,Yes,Yes,No,Yes,Fair
D30494,33,19.0,1.0,1,22.9,8.3,27.0,2,159.0,3,4,5.0,6,1,2,45.0,8.0,0.1,Female,Employed Full-time,United Kingdom,Smartphone,Watching Videos,No,No,No,No,No,Poor
D30495,28,59.0,5.99,2,30.1,6.9,34.0,0,25.0,7,9,5.0,7,1,0,70.0,27.0,9.5,Male,Employed Full-time,Canada,Smartphone,Scrolling Social Media,No,Yes,No,No,Yes,Fair
D30496,19,66.0,5.16,5,14.4,7.2,5.0,4,83.0,4,10,5.0,7,1,4,,7.0,7.4,Female,Student,India,Smartphone,Scrolling Social Media,Yes,Yes,No,No,Yes,Poor
D30497,23,23.0,2.34,2,12.6,8.1,19.0,2,28.0,3,6,5.0,5,0,2,,10.0,0.0,Male,Employed Full-time,United Kingdom,Tablet,Meditation/Journaling,Yes,No,Yes,No,No,Fair
D30498,35,41.0,1.63,1,43.4,8.0,25.0,0,90.0,5,5,5.0,4,5,1,41.0,29.0,0.0,Male,Employed Part-time,UAE,Smartphone,Watching Videos,Yes,No,Yes,Yes,No,Good
D30499,26,83.0,3.87,3,20.8,7.5,41.0,2,131.0,4,5,5.0,6,1,2,,58.0,5.6,Male,Student,Canada,Smartphone,No Fixed Routine,No,Yes,No,Yes,Yes,Poor
D30500,20,26.0,1.85,0,28.3,8.2,3.0,1,57.0,3,5,5.0,3,3,1,53.0,48.0,1.4,Female,Employed Full-time,Philippines,Smartphone,Scrolling Social Media,Yes,No,Yes,No,No,Fair
D30501,37,48.0,3.64,3,17.7,6.7,29.0,3,170.0,6,9,5.0,5,3,3,47.0,70.0,10.1,Male,Student,Brazil,Smartphone,Scrolling Social Media,Yes,No,Yes,No,Yes,Poor
D30502,24,19.0,1.44,1,14.4,7.7,24.0,1,115.0,3,5,5.0,6,3,3,69.0,61.0,0.0,Female,Employed Full-time,Canada,Smartphone,Scrolling Social Media,No,No,No,No,No,Good
D30503,23,62.0,3.09,1,67.1,7.1,21.0,0,73.0,5,6,5.0,4,1,0,70.0,34.0,7.3,Male,Employed Full-time,Canada,Smartphone,Scrolling Social Media,Yes,Yes,No,Yes,No,Good
D30504,31,32.0,3.64,1,29.4,7.7,16.0,1,36.0,5,4,5.0,6,0,2,72.0,71.0,0.6,Female,Student,Brazil,Smartphone,Reading,Yes,Yes,Yes,No,Yes,Poor
D30505,35,38.0,1.48,0,38.0,7.4,18.0,1,70.0,2,4,5.0,7,0,2,41.0,37.0,0.0,Female,Employed Part-time,India,Smartphone,No Fixed Routine,Yes,Yes,No,No,No,Good
D30506,15,73.0,5.01,2,32.6,7.2,54.0,2,66.0,3,3,5.0,4,0,2,30.0,2.0,2.0,Female,Employed Part-time,Philippines,Smartphone,No Fixed Routine,Yes,Yes,No,No,No,Poor
D30507,33,90.0,7.08,4,20.8,6.8,48.0,1,128.0,8,9,4.0,7,0,3,51.0,15.0,2.3,Female,Employed Full-time,India,Laptop,Watching Videos,No,No,Yes,No,Yes,Poor
D30508,21,46.0,4.14,2,24.0,7.7,25.0,0,97.0,5,4,5.0,7,3,2,96.0,56.0,2.4,Female,Employed Part-time,India,Smartphone,No Fixed Routine,No,No,Yes,No,Yes,Fair
D30509,28,53.0,3.42,2,21.6,6.8,28.0,1,193.0,4,6,5.0,8,0,1,38.0,32.0,8.1,Female,Student,Brazil,TV,Meditation/Journaling,No,Yes,No,No,Yes,Fair
D30510,22,59.0,3.35,2,24.5,6.4,32.0,1,68.0,4,7,4.0,6,1,2,54.0,32.0,10.1,Male,Employed Full-time,Philippines,Smartphone,No Fixed Routine,No,No,No,No,No,Good
D30511,15,38.0,5.65,2,22.9,6.8,21.0,2,107.0,4,3,5.0,4,3,2,60.0,9.0,7.2,Male,,India,Smartphone,No Fixed Routine,No,Yes,Yes,No,No,Poor
D30512,23,69.0,4.17,3,24.1,6.3,32.0,3,,5,9,5.0,7,0,6,42.0,39.0,12.0,Female,Employed Full-time,United Kingdom,Smartphone,Scrolling Social Media,No,Yes,No,Yes,Yes,Poor
D30513,27,44.0,2.94,3,10.2,7.9,24.0,3,78.0,5,6,5.0,5,0,4,66.0,127.0,0.0,Female,Employed Full-time,United States,Laptop,Scrolling Social Media,Yes,No,Yes,No,Yes,Poor
D30514,26,18.0,4.47,0,13.9,7.2,16.0,1,201.0,4,6,5.0,5,4,1,92.0,5.0,3.1,Female,Student,Germany,Laptop,Scrolling Social Media,No,Yes,Yes,No,No,Fair
D30515,34,8.0,3.89,1,10.5,7.8,9.0,1,190.0,5,6,5.0,5,1,3,87.0,57.0,3.7,Male,Student,India,Smartphone,Scrolling Social Media,No,Yes,No,Yes,No,Good
D30516,32,70.0,6.69,4,18.2,5.9,38.0,5,101.0,3,6,4.0,9,3,7,61.0,70.0,17.7,Female,Employed Part-time,United States,Smartphone,Scrolling Social Media,No,Yes,No,No,Yes,Poor
D30517,31,18.0,2.72,1,21.6,8.4,37.0,1,93.0,4,6,5.0,9,4,2,89.0,70.0,0.0,Male,Employed Part-time,United Kingdom,Smartphone,Meditation/Journaling,Yes,Yes,No,No,No,Good
D30518,21,23.0,4.34,1,25.1,6.8,32.0,1,189.0,5,4,5.0,5,2,1,70.0,42.0,6.6,Male,Employed Full-time,United Kingdom,Smartphone,Scrolling Social Media,No,No,No,No,No,Good
D30519,38,31.0,4.06,1,31.7,6.7,18.0,2,223.0,1,5,5.0,7,4,4,70.0,125.0,9.7,Male,Employed Part-time,United States,Smartphone,Scrolling Social Media,No,Yes,No,No,No,Fair
D30520,27,28.0,5.85,1,28.9,8.2,8.0,4,99.0,1,5,5.0,9,2,6,18.0,20.0,0.0,Female,Employed Full-time,United Kingdom,Smartphone,No Fixed Routine,No,Yes,No,Yes,No,Good
D30521,28,105.0,7.99,2,51.9,6.6,17.0,0,33.0,4,5,5.0,7,3,1,47.0,28.0,9.0,Female,Student,United Kingdom,Smartphone,Scrolling Social Media,No,Yes,Yes,No,Yes,Fair
D30522,27,22.0,1.97,2,6.7,7.1,5.0,0,105.0,4,5,5.0,5,4,2,47.0,4.0,6.5,Female,Employed Full-time,India,Smartphone,Meditation/Journaling,No,Yes,No,No,No,Fair
D30523,35,47.0,2.46,2,25.8,6.2,20.0,3,162.0,3,5,4.0,8,4,4,31.0,48.0,15.0,Male,Employed Full-time,India,Smartphone,Meditation/Journaling,No,No,No,Yes,Yes,Poor
D30524,39,17.0,1.0,1,17.3,8.2,12.0,2,63.0,3,4,5.0,8,2,3,45.0,53.0,2.8,Male,Employed Full-time,Brazil,Smartphone,Scrolling Social Media,No,Yes,No,No,No,Good
D30525,15,89.0,4.19,3,34.6,6.0,35.0,1,39.0,6,10,5.0,8,2,3,0.0,78.0,13.1,Female,Employed Full-time,Australia,Tablet,Scrolling Social Media,No,Yes,No,Yes,Yes,Poor
D30526,15,62.0,4.03,4,16.9,6.8,18.0,2,71.0,3,3,5.0,6,2,3,32.0,95.0,7.8,Male,Employed Part-time,Canada,Smartphone,Scrolling Social Media,Yes,Yes,No,No,Yes,Poor
D30527,37,32.0,4.33,3,10.0,7.6,24.0,4,266.0,3,5,4.0,7,1,5,26.0,4.0,5.4,Male,Employed Part-time,Nigeria,Smartphone,Reading,Yes,No,No,No,No,Fair
D30528,22,102.0,3.87,5,22.0,7.7,50.0,2,160.0,5,6,5.0,9,2,3,23.0,14.0,2.0,Female,Student,UAE,Smartphone,No Fixed Routine,Yes,Yes,No,No,No,Good
D30529,32,15.0,2.09,1,14.8,8.5,35.0,3,208.0,3,5,4.0,8,2,4,48.0,7.0,0.0,Female,Employed Full-time,Germany,Smartphone,Reading,No,No,No,No,No,Poor
D30530,34,19.0,3.38,2,7.2,7.7,16.0,1,201.0,5,7,5.0,6,3,1,55.0,55.0,6.1,Female,Employed Full-time,India,Smartphone,Scrolling Social Media,No,Yes,No,No,No,Good
D30531,17,36.0,2.04,3,7.5,7.7,22.0,3,31.0,5,5,5.0,6,3,4,46.0,38.0,5.3,Male,Student,India,Tablet,Watching Videos,Yes,Yes,No,No,Yes,Poor
D30532,25,172.0,7.81,4,39.6,5.7,80.0,1,381.0,9,10,4.0,8,3,2,26.0,34.0,17.8,Male,Student,Germany,Smartphone,No Fixed Routine,No,Yes,Yes,No,Yes,Poor
D30533,32,76.0,3.28,3,24.6,8.9,39.0,1,129.0,4,9,5.0,5,2,4,63.0,56.0,0.0,Male,Unemployed,UAE,Laptop,Scrolling Social Media,No,Yes,No,No,Yes,Good
D30534,33,48.0,3.42,4,7.9,6.4,48.0,2,45.0,5,8,5.0,6,2,4,37.0,15.0,9.5,Male,Student,India,Laptop,Scrolling Social Media,No,No,No,Yes,Yes,Poor
D30535,30,60.0,2.71,0,60.2,7.5,19.0,1,173.0,5,7,5.0,6,1,1,55.0,53.0,2.7,Female,Student,United States,Smartphone,No Fixed Routine,Yes,Yes,No,No,No,Fair
D30536,35,96.0,3.96,2,49.4,6.0,41.0,1,72.0,5,6,4.0,5,3,1,46.0,30.0,11.7,Male,Student,United States,Smartphone,Scrolling Social Media,Yes,Yes,Yes,Yes,Yes,Poor
D30537,28,184.0,7.32,7,27.3,7.6,78.0,3,348.0,10,10,5.0,7,1,7,52.0,148.0,2.9,Female,Employed Full-time,United States,Smartphone,Scrolling Social Media,Yes,Yes,Yes,No,Yes,Poor
D30538,18,54.0,5.98,1,56.3,8.1,33.0,1,196.0,3,4,,7,2,1,51.0,26.0,0.3,Male,Unemployed,United States,Tablet,Watching Videos,No,Yes,Yes,No,No,Good
D30539,30,52.0,3.82,2,27.0,8.5,31.0,0,62.0,3,6,5.0,7,4,0,92.0,2.0,0.0,Female,Unemployed,United States,Smartphone,Scrolling Social Media,No,Yes,No,Yes,Yes,Good
D30540,31,32.0,3.48,1,29.3,8.6,29.0,1,146.0,5,6,5.0,5,1,1,31.0,53.0,0.0,Male,Student,Nigeria,Smartphone,No Fixed Routine,No,Yes,No,Yes,No,Good
D30541,23,15.0,1.14,1,20.2,7.7,2.0,1,192.0,5,4,5.0,7,0,1,71.0,8.0,1.7,Female,Student,India,Tablet,No Fixed Routine,Yes,No,Yes,Yes,No,Good
D30542,22,56.0,2.35,0,57.7,8.4,29.0,1,69.0,6,5,5.0,5,2,2,49.0,7.0,0.0,Female,Student,Philippines,Smartphone,Scrolling Social Media,Yes,Yes,No,No,No,Good
D30543,46,35.0,3.88,0,33.3,7.4,22.0,0,,7,10,5.0,5,1,1,40.0,35.0,6.5,Female,Employed Part-time,United States,Smartphone,Scrolling Social Media,No,No,Yes,No,No,Fair
D30544,20,30.0,4.29,3,18.5,6.9,36.0,2,76.0,6,8,5.0,9,0,3,62.0,58.0,9.4,Male,Employed Part-time,United States,Smartphone,Scrolling Social Media,No,Yes,Yes,No,Yes,Poor
D30545,29,28.0,1.53,0,29.3,7.8,2.0,0,77.0,3,1,5.0,5,1,1,71.0,25.0,2.5,Male,Student,Canada,Smartphone,Scrolling Social Media,No,Yes,No,Yes,No,Good
D30546,27,63.0,3.93,2,27.6,7.6,27.0,1,,6,6,5.0,6,0,1,29.0,28.0,3.1,Male,Student,Australia,Tablet,Watching Videos,No,Yes,Yes,Yes,No,Fair
D30547,24,17.0,2.43,1,19.3,8.3,13.0,1,23.0,5,7,5.0,4,1,3,24.0,42.0,0.0,Male,Employed Full-time,United States,Smartphone,Watching Videos,Yes,Yes,Yes,No,Yes,Poor
D30548,32,32.0,4.06,1,34.4,8.1,10.0,0,132.0,5,5,5.0,5,2,1,68.0,25.0,0.4,Female,Student,India,Smartphone,Scrolling Social Media,Yes,Yes,No,No,No,Good
D30549,27,53.0,3.08,3,12.5,5.2,38.0,4,102.0,3,6,3.0,10,0,5,63.0,156.0,19.5,Female,Employed Full-time,United Kingdom,Smartphone,Scrolling Social Media,No,Yes,Yes,No,Yes,Poor
D30550,40,44.0,4.04,3,12.2,6.1,25.0,2,56.0,7,7,5.0,6,3,6,63.0,1.0,12.5,Female,Employed Part-time,Brazil,Smartphone,Scrolling Social Media,No,Yes,No,No,Yes,Poor
D30551,33,26.0,1.82,1,27.9,6.9,19.0,0,121.0,2,3,5.0,5,2,1,31.0,125.0,4.8,Female,Student,India,Smartphone,Scrolling Social Media,No,Yes,Yes,No,Yes,Fair
D30552,28,47.0,2.1,1,43.4,7.4,54.0,0,191.0,6,5,5.0,4,2,2,61.0,55.0,5.8,Male,Employed Part-time,United States,Laptop,No Fixed Routine,No,Yes,Yes,Yes,No,Good
D30553,32,22.0,2.91,1,23.6,7.7,7.0,2,183.0,6,8,5.0,6,2,4,,60.0,1.2,Female,Employed Full-time,United Kingdom,Laptop,Scrolling Social Media,Yes,Yes,No,No,No,Good
D30554,27,95.0,7.32,5,17.1,7.2,53.0,4,350.0,5,8,,9,2,6,55.0,1.0,0.0,Female,Student,India,Smartphone,Meditation/Journaling,No,Yes,Yes,Yes,Yes,Poor
D30555,43,49.0,7.2,2,20.4,6.0,40.0,1,66.0,5,8,5.0,5,3,2,89.0,107.0,15.3,Male,Unemployed,Australia,Smartphone,Scrolling Social Media,No,Yes,No,No,Yes,Poor
D30556,29,27.0,4.34,0,25.8,6.7,21.0,2,141.0,3,4,5.0,8,2,3,60.0,31.0,10.0,Female,Employed Part-time,Germany,,Meditation/Journaling,Yes,Yes,No,Yes,No,Fair
D30557,22,72.0,3.91,5,13.5,7.0,24.0,3,32.0,4,5,4.0,7,1,5,37.0,61.0,8.9,Female,Employed Full-time,United States,Smartphone,Watching Videos,Yes,Yes,No,No,Yes,Poor
D30558,33,33.0,1.49,0,34.6,7.6,38.0,1,24.0,5,6,5.0,4,1,3,52.0,122.0,1.4,Female,Student,United States,Smartphone,Scrolling Social Media,No,No,Yes,No,No,Good
D30559,35,47.0,6.09,2,30.3,6.7,38.0,3,409.0,4,5,3.0,10,2,4,36.0,6.0,11.7,Female,Student,Philippines,Smartphone,Scrolling Social Media,No,Yes,Yes,No,No,Fair
D30560,19,16.0,1.0,0,12.6,7.9,18.0,1,115.0,3,4,5.0,5,1,1,34.0,17.0,3.3,Male,Student,Brazil,Smartphone,,No,Yes,Yes,No,No,Good
D30561,17,32.0,3.78,2,13.4,9.5,21.0,1,342.0,5,6,5.0,8,3,1,54.0,28.0,0.0,Female,Unemployed,United Kingdom,Smartphone,Reading,Yes,Yes,No,No,Yes,Fair
D30562,38,51.0,2.01,2,21.4,7.4,20.0,0,75.0,5,10,5.0,6,2,1,81.0,2.0,3.0,Male,Employed Full-time,India,Smartphone,Reading,Yes,Yes,No,No,Yes,Fair
D30563,36,46.0,3.02,2,21.9,8.6,28.0,0,135.0,3,5,5.0,5,2,1,37.0,80.0,0.0,Female,Employed Part-time,UAE,Smartphone,,No,Yes,No,No,No,Good
D30564,33,36.0,5.71,2,16.0,7.9,30.0,0,66.0,7,8,5.0,5,4,1,37.0,24.0,0.0,Female,Employed Full-time,Germany,Smartphone,Scrolling Social Media,Yes,Yes,No,No,Yes,Poor
D30565,38,83.0,5.02,2,37.8,7.6,19.0,1,140.0,5,8,5.0,6,2,2,27.0,5.0,3.3,Female,Student,United Kingdom,Smartphone,Scrolling Social Media,No,Yes,Yes,Yes,Yes,Fair
D30566,21,76.0,2.89,3,29.3,8.2,39.0,2,159.0,7,8,4.0,6,1,3,74.0,25.0,0.0,Female,Unemployed,United States,Smartphone,No Fixed Routine,Yes,Yes,Yes,Yes,No,Poor
D30567,28,37.0,2.15,2,17.9,8.0,31.0,0,200.0,5,7,5.0,5,2,1,96.0,25.0,0.0,Male,Student,India,Smartphone,Reading,Yes,Yes,Yes,Yes,No,Good
D30568,22,23.0,1.02,2,9.5,7.6,15.0,1,59.0,6,4,5.0,4,1,1,28.0,9.0,5.4,Female,Student,Philippines,Smartphone,Scrolling Social Media,No,Yes,Yes,Yes,Yes,Good
D30569,26,37.0,3.53,3,12.0,8.7,36.0,2,201.0,5,6,,5,1,3,73.0,20.0,0.3,Female,Employed Full-time,Canada,Smartphone,No Fixed Routine,Yes,Yes,No,No,Yes,Good
D30570,22,22.0,5.38,0,22.6,5.9,11.0,1,295.0,4,4,5.0,3,2,2,35.0,110.0,17.8,Male,Unemployed,India,TV,Watching Videos,No,No,No,Yes,No,Good
D30571,15,38.0,2.69,0,39.9,6.9,25.0,0,192.0,4,4,5.0,5,1,1,,69.0,5.7,Female,Employed Part-time,India,Smartphone,,No,Yes,No,No,No,Good
D30572,21,61.0,2.39,5,15.6,6.9,27.0,4,40.0,2,5,4.0,8,0,6,53.0,1.0,8.0,Male,Employed Part-time,United States,Laptop,Scrolling Social Media,Yes,No,No,Yes,No,Poor
D30573,44,84.0,6.87,3,28.8,7.2,36.0,3,82.0,8,9,5.0,9,2,5,41.0,75.0,5.2,Female,Student,UAE,Smartphone,Scrolling Social Media,No,No,Yes,No,Yes,Poor
D30574,23,88.0,8.43,3,26.5,5.8,37.0,1,99.0,8,10,5.0,5,1,2,57.0,20.0,11.7,Female,Employed Part-time,Philippines,Smartphone,Reading,Yes,Yes,Yes,No,Yes,Good
D30575,31,27.0,3.38,1,31.6,7.5,11.0,3,86.0,4,8,5.0,8,2,3,23.0,78.0,0.0,Male,Employed Full-time,India,Tablet,Scrolling Social Media,Yes,Yes,No,No,No,Fair
D30576,21,24.0,2.37,0,21.3,7.7,17.0,1,58.0,4,6,5.0,2,2,2,42.0,42.0,1.6,Female,Unemployed,India,Smartphone,Reading,No,Yes,No,Yes,No,Good
D30577,16,19.0,3.44,0,17.8,8.3,8.0,3,180.0,4,8,5.0,9,3,3,78.0,5.0,1.2,Female,Employed Part-time,United States,Smartphone,Watching Videos,Yes,Yes,No,Yes,No,Good
D30578,21,81.0,6.33,4,18.2,7.0,40.0,1,119.0,5,6,4.0,8,2,1,37.0,28.0,4.1,Female,Employed Full-time,United States,Smartphone,Scrolling Social Media,No,Yes,Yes,No,Yes,Good
D30579,26,108.0,4.72,3,37.0,6.0,51.0,1,51.0,6,7,5.0,7,2,2,55.0,30.0,14.3,Male,Student,Australia,TV,Scrolling Social Media,Yes,No,Yes,Yes,Yes,Poor
D30580,22,44.0,4.18,2,21.3,7.5,31.0,1,62.0,6,8,5.0,5,3,1,63.0,46.0,5.4,Female,Employed Full-time,India,Smartphone,Scrolling Social Media,Yes,Yes,No,No,Yes,Poor
D30581,24,67.0,3.08,3,24.9,7.1,23.0,1,39.0,6,5,5.0,7,2,1,,73.0,7.1,Female,Student,India,Laptop,No Fixed Routine,No,No,Yes,Yes,Yes,Poor
D30582,30,88.0,5.5,3,28.8,6.8,55.0,3,163.0,5,6,3.0,9,1,4,33.0,59.0,7.3,Male,Employed Full-time,Philippines,Smartphone,Scrolling Social Media,No,Yes,Yes,Yes,Yes,Poor
D30583,44,21.0,1.69,0,21.2,7.8,2.0,2,151.0,2,7,5.0,4,0,3,96.0,28.0,0.8,Male,Employed Full-time,United Kingdom,Smartphone,No Fixed Routine,No,Yes,No,Yes,Yes,Fair
D30584,15,57.0,2.34,4,8.8,6.6,30.0,1,76.0,1,1,5.0,8,0,2,50.0,94.0,8.5,Female,Employed Part-time,Canada,Smartphone,Watching Videos,No,Yes,No,No,No,Fair
D30585,28,43.0,3.88,3,13.0,8.3,9.0,1,161.0,6,8,5.0,5,1,2,90.0,5.0,1.8,Male,Student,United Kingdom,Smartphone,Scrolling Social Media,No,No,Yes,Yes,Yes,Good
D30586,22,33.0,1.55,0,29.8,7.7,3.0,0,42.0,3,5,5.0,6,1,0,103.0,39.0,3.0,Female,Employed Full-time,Philippines,Smartphone,No Fixed Routine,No,Yes,Yes,No,No,Good
D30587,34,72.0,5.53,3,16.3,5.5,51.0,1,74.0,6,4,5.0,5,0,4,,8.0,18.8,Male,Student,Nigeria,Smartphone,Reading,Yes,Yes,Yes,No,No,Fair
D30588,27,72.0,5.56,1,73.8,7.4,58.0,1,56.0,6,8,5.0,6,1,2,85.0,113.0,2.0,Male,Student,India,Tablet,Watching Videos,Yes,Yes,No,No,Yes,Poor
D30589,26,30.0,2.52,1,31.6,8.0,6.0,1,80.0,7,8,5.0,7,1,2,55.0,38.0,0.0,Female,Employed Part-time,Germany,Smartphone,Scrolling Social Media,No,Yes,Yes,Yes,Yes,Fair
D30590,29,32.0,1.32,2,15.3,7.6,20.0,0,126.0,3,5,5.0,5,3,2,75.0,58.0,3.9,Male,Employed Part-time,India,Smartphone,Scrolling Social Media,Yes,Yes,No,No,Yes,Poor
D30591,34,94.0,4.23,2,52.2,6.8,23.0,1,93.0,6,5,5.0,6,2,2,34.0,4.0,7.1,Female,Student,Australia,Tablet,Meditation/Journaling,Yes,No,Yes,No,No,Poor
D30592,21,25.0,1.66,2,16.1,8.7,21.0,0,34.0,6,7,5.0,4,3,0,55.0,10.0,0.0,Female,Employed Full-time,Nigeria,Smartphone,Watching Videos,No,Yes,Yes,Yes,Yes,Good
D30593,35,29.0,3.57,1,35.0,7.0,23.0,1,121.0,3,3,5.0,2,1,1,61.0,9.0,10.2,Female,Student,Canada,Smartphone,Reading,Yes,Yes,No,No,No,Good
D30594,31,22.0,1.75,1,21.0,7.1,16.0,0,73.0,3,5,5.0,4,2,3,42.0,143.0,4.8,Female,Student,India,Laptop,Scrolling Social Media,Yes,Yes,Yes,No,Yes,Fair
D30595,23,33.0,1.86,1,33.2,7.4,19.0,0,330.0,6,8,5.0,6,1,0,42.0,114.0,4.3,Male,Unemployed,India,Smartphone,Scrolling Social Media,No,Yes,Yes,Yes,Yes,Fair
D30596,17,114.0,5.78,3,41.4,6.5,50.0,2,182.0,6,10,4.0,9,0,2,41.0,26.0,11.3,Male,Student,Australia,Smartphone,Reading,No,No,Yes,Yes,Yes,Poor
D30597,25,38.0,2.34,0,36.3,7.2,19.0,1,189.0,4,6,5.0,5,2,1,73.0,100.0,6.0,Male,Employed Full-time,UAE,Smartphone,Reading,No,Yes,Yes,No,No,Poor
D30598,15,6.0,5.3,1,4.5,8.3,8.0,0,131.0,2,7,5.0,3,0,4,65.0,6.0,0.0,Male,Employed Full-time,Nigeria,Smartphone,No Fixed Routine,No,Yes,No,Yes,No,Good
D30599,27,25.0,2.55,0,22.2,7.2,22.0,3,15.0,1,5,5.0,9,0,5,42.0,47.0,5.0,Male,Employed Part-time,United States,Smartphone,Reading,No,No,No,No,No,Good
D30600,17,9.0,2.45,0,11.9,7.2,2.0,2,39.0,5,5,5.0,6,0,3,41.0,22.0,6.6,Male,Employed Full-time,India,Smartphone,Meditation/Journaling,No,Yes,No,No,Yes,Poor
D30601,15,31.0,2.17,1,29.7,7.7,14.0,2,27.0,4,7,5.0,5,0,2,62.0,85.0,0.0,Female,Employed Part-time,United States,Smartphone,No Fixed Routine,No,Yes,No,Yes,No,Good
D30602,35,89.0,4.4,4,18.7,6.1,39.0,3,131.0,8,9,3.0,10,0,3,8.0,90.0,12.3,Male,Employed Full-time,Australia,Laptop,Meditation/Journaling,No,Yes,Yes,Yes,No,Poor
D30603,20,50.0,10.3,1,47.7,8.2,28.0,1,140.0,6,7,5.0,5,2,3,50.0,84.0,0.5,Female,Student,United States,Smartphone,Scrolling Social Media,Yes,Yes,Yes,Yes,No,Good
D30604,40,103.0,4.52,5,19.8,5.9,50.0,4,203.0,8,9,5.0,7,2,6,87.0,5.0,14.3,Female,Employed Part-time,United States,Smartphone,Reading,Yes,Yes,Yes,No,Yes,Poor
D30605,27,59.0,2.83,3,15.5,7.0,11.0,2,168.0,4,8,5.0,6,1,2,60.0,36.0,2.4,Male,Student,Philippines,Smartphone,Watching Videos,No,Yes,No,Yes,Yes,Good
D30606,22,9.0,2.44,0,12.5,7.2,2.0,0,187.0,3,8,,6,2,0,54.0,13.0,7.7,Male,Employed Full-time,United States,Smartphone,Scrolling Social Media,Yes,Yes,No,No,No,Good
D30607,29,43.0,5.46,2,24.6,7.2,28.0,1,13.0,3,1,5.0,10,0,2,56.0,34.0,6.0,Male,Employed Full-time,Canada,Smartphone,Scrolling Social Media,Yes,Yes,Yes,No,No,Fair
D30608,17,80.0,5.1,3,25.4,7.5,46.0,2,255.0,4,6,5.0,7,0,4,77.0,13.0,6.5,Female,Employed Full-time,United States,Smartphone,Scrolling Social Media,No,Yes,No,No,Yes,Fair
D30609,27,127.0,5.21,5,25.8,5.6,48.0,3,66.0,5,8,5.0,8,2,7,56.0,28.0,20.3,Female,Employed Part-time,United Kingdom,Smartphone,Scrolling Social Media,Yes,Yes,No,Yes,Yes,Poor
D30610,15,48.0,4.19,2,21.6,7.0,28.0,2,221.0,2,4,4.0,6,1,3,21.0,153.0,10.8,Female,Employed Full-time,Nigeria,Laptop,Watching Videos,No,Yes,No,Yes,No,Fair
D30611,35,30.0,4.27,2,17.5,7.5,19.0,2,16.0,6,9,5.0,5,1,2,80.0,6.0,2.5,Female,Employed Full-time,India,Smartphone,No Fixed Routine,Yes,Yes,No,Yes,No,Good
D30612,33,11.0,1.56,1,6.4,8.4,23.0,2,75.0,3,5,5.0,5,2,2,72.0,92.0,0.0,Female,Student,India,Smartphone,Reading,Yes,Yes,No,Yes,No,Good
D30613,22,99.0,4.01,3,37.5,7.9,59.0,2,155.0,2,1,5.0,6,0,4,51.0,107.0,0.0,Female,Employed Full-time,Nigeria,TV,No Fixed Routine,Yes,Yes,No,No,No,Good
D30614,36,14.0,1.0,2,4.9,8.5,14.0,0,134.0,5,6,5.0,4,2,0,78.0,52.0,0.0,Prefer not to say,Employed Full-time,India,Smartphone,Watching Videos,No,Yes,No,No,No,Good
D30615,31,57.0,3.26,3,21.6,7.5,29.0,1,51.0,7,7,5.0,6,2,1,35.0,53.0,2.8,Female,Employed Full-time,United Kingdom,Laptop,No Fixed Routine,No,Yes,Yes,Yes,Yes,Poor
D30616,15,30.0,2.52,1,26.8,7.8,12.0,1,60.0,5,9,5.0,4,2,3,72.0,89.0,7.1,Male,Employed Full-time,India,Smartphone,No Fixed Routine,Yes,Yes,Yes,No,Yes,Good
D30617,26,71.0,5.45,4,13.9,7.0,34.0,2,81.0,5,9,5.0,8,1,3,52.0,47.0,5.7,Female,Employed Full-time,India,Smartphone,Scrolling Social Media,No,Yes,Yes,No,Yes,Poor
D30618,22,45.0,2.33,1,46.5,6.9,14.0,0,171.0,4,3,5.0,7,3,2,39.0,47.0,11.3,Female,Employed Part-time,Australia,Smartphone,No Fixed Routine,Yes,Yes,Yes,Yes,No,Good
D30619,27,34.0,2.16,2,24.4,8.5,20.0,2,215.0,2,4,5.0,8,1,3,56.0,67.0,0.0,Male,Student,United States,Smartphone,Meditation/Journaling,No,Yes,No,No,Yes,Poor
D30620,30,39.0,2.51,0,38.8,8.6,23.0,1,45.0,6,5,,3,1,2,46.0,45.0,0.0,Male,Student,Australia,Smartphone,Scrolling Social Media,No,Yes,Yes,No,Yes,Good
D30621,38,171.0,11.36,6,30.0,5.7,69.0,4,129.0,8,8,3.0,10,3,5,,5.0,12.3,Female,Student,Australia,Smartphone,Scrolling Social Media,Yes,Yes,Yes,No,Yes,Poor
D30622,20,15.0,1.38,1,16.6,8.1,15.0,1,45.0,2,6,5.0,4,2,2,57.0,21.0,1.0,Male,Employed Full-time,India,,Meditation/Journaling,Yes,Yes,No,Yes,No,Good
D30623,29,40.0,3.76,1,41.6,7.9,11.0,2,493.0,6,9,5.0,4,1,2,80.0,10.0,0.0,Male,Employed Full-time,Philippines,Smartphone,Scrolling Social Media,No,Yes,Yes,No,Yes,Poor
D30624,26,33.0,1.8,2,16.9,7.2,24.0,1,107.0,5,9,5.0,5,0,2,70.0,17.0,7.2,Prefer not to say,Student,United States,Smartphone,Reading,Yes,Yes,No,Yes,No,Fair
D30625,21,40.0,3.6,3,17.4,7.1,30.0,1,99.0,6,9,5.0,6,3,1,,34.0,5.2,Male,,Canada,Tablet,Watching Videos,No,Yes,Yes,Yes,Yes,Poor
D30626,33,68.0,5.21,2,34.7,7.3,25.0,1,126.0,6,6,5.0,7,1,1,92.0,38.0,5.8,Female,Unemployed,United Kingdom,Smartphone,Meditation/Journaling,Yes,Yes,Yes,No,Yes,Good
D30627,29,60.0,2.54,4,17.9,7.4,10.0,2,104.0,5,3,5.0,8,0,3,22.0,4.0,7.7,Female,Student,United Kingdom,Smartphone,Meditation/Journaling,Yes,No,Yes,No,No,Fair
D30628,35,28.0,1.98,0,28.5,6.6,17.0,0,223.0,2,4,5.0,8,0,2,53.0,20.0,12.6,Male,Student,United States,Tablet,No Fixed Routine,No,Yes,No,No,No,Fair
D30629,28,52.0,2.02,2,24.2,7.5,30.0,2,289.0,5,7,5.0,7,1,4,76.0,40.0,4.1,Female,Student,Philippines,Smartphone,Meditation/Journaling,Yes,Yes,Yes,No,No,Good
D30630,34,38.0,1.68,0,46.3,8.1,20.0,0,125.0,6,9,5.0,2,0,1,37.0,106.0,0.0,Female,Student,Philippines,TV,Scrolling Social Media,No,Yes,No,No,Yes,Good
D30631,18,57.0,4.44,1,57.6,7.6,36.0,2,95.0,6,7,5.0,6,3,3,18.0,51.0,2.0,Male,Employed Full-time,Canada,Smartphone,Scrolling Social Media,Yes,Yes,No,No,No,Fair
D30632,22,26.0,1.9,1,30.6,7.9,34.0,0,180.0,6,7,5.0,7,1,2,62.0,17.0,1.7,Male,Employed Part-time,Brazil,Smartphone,No Fixed Routine,Yes,Yes,No,No,Yes,Fair
D30633,28,55.0,2.94,2,31.4,7.0,17.0,1,217.0,1,5,5.0,5,0,2,30.0,65.0,7.3,Female,Student,Canada,Smartphone,Watching Videos,Yes,Yes,No,No,No,Fair
D30634,19,43.0,2.61,2,19.6,7.8,23.0,3,64.0,5,7,4.0,9,0,4,39.0,40.0,2.8,Male,Student,United Kingdom,Smartphone,Watching Videos,No,No,No,No,No,Good
D30635,28,49.0,3.73,4,12.8,6.2,30.0,3,4.0,4,8,3.0,9,1,3,16.0,50.0,13.1,Female,Employed Full-time,India,Smartphone,Scrolling Social Media,No,Yes,No,No,No,Poor
D30636,26,55.0,3.87,2,27.2,6.6,31.0,2,150.0,4,5,4.0,5,0,2,71.0,14.0,11.6,Female,Employed Full-time,United States,Smartphone,Scrolling Social Media,Yes,Yes,No,Yes,Yes,Poor
D30637,24,26.0,6.36,2,9.1,7.1,21.0,1,72.0,1,3,5.0,8,2,3,50.0,153.0,6.4,Male,Student,United Kingdom,Smartphone,Reading,No,Yes,Yes,No,Yes,Fair
D30638,47,77.0,3.67,3,27.1,7.0,47.0,2,,5,10,5.0,6,2,4,57.0,39.0,7.4,Female,Unemployed,Australia,Laptop,Watching Videos,No,Yes,No,Yes,Yes,Poor
D30639,35,25.0,1.73,0,24.0,7.1,30.0,0,34.0,2,5,5.0,4,0,0,81.0,34.0,5.7,Male,Student,Canada,Smartphone,Watching Videos,Yes,Yes,No,No,No,Good
D30640,29,24.0,5.45,1,24.9,9.0,10.0,1,163.0,2,5,5.0,9,2,5,85.0,23.0,0.0,Female,Employed Full-time,Canada,Smartphone,Scrolling Social Media,No,Yes,No,No,No,Good
D30641,28,49.0,7.06,2,25.2,7.4,10.0,2,28.0,3,4,5.0,5,0,3,31.0,39.0,5.3,Female,Student,United States,Tablet,No Fixed Routine,No,Yes,Yes,No,Yes,Fair
D30642,32,112.0,6.63,5,22.4,6.9,44.0,2,134.0,4,7,3.0,7,0,4,27.0,3.0,10.2,Male,Employed Full-time,Brazil,Smartphone,No Fixed Routine,Yes,Yes,No,No,Yes,Poor
D30643,29,37.0,2.16,0,35.9,7.7,40.0,1,119.0,4,8,5.0,8,2,2,35.0,93.0,0.0,Prefer not to say,Unemployed,Canada,TV,Scrolling Social Media,Yes,Yes,No,No,Yes,Fair
D30644,25,43.0,5.4,1,45.4,7.3,12.0,1,46.0,5,7,5.0,7,0,3,79.0,2.0,3.1,Male,Student,United States,Smartphone,Watching Videos,No,Yes,Yes,No,No,Good
D30645,15,20.0,1.58,0,17.6,8.3,16.0,3,97.0,3,6,5.0,7,0,4,28.0,55.0,0.9,Female,Employed Part-time,Nigeria,Smartphone,Scrolling Social Media,Yes,Yes,No,No,No,Fair
D30646,18,59.0,3.36,1,59.2,8.4,23.0,0,47.0,5,5,5.0,4,0,1,61.0,14.0,0.0,Female,Student,Germany,Smartphone,Scrolling Social Media,No,Yes,No,No,Yes,Good
D30647,15,36.0,1.54,2,19.8,7.3,20.0,1,80.0,7,7,5.0,3,0,1,73.0,114.0,4.4,Male,Student,India,Smartphone,Scrolling Social Media,Yes,Yes,Yes,Yes,Yes,Fair
D30648,29,18.0,5.4,0,14.7,8.0,2.0,0,79.0,2,5,5.0,4,1,0,43.0,20.0,1.7,Female,Employed Full-time,India,Laptop,Scrolling Social Media,No,Yes,No,Yes,Yes,Fair
D30649,32,29.0,2.31,1,26.9,7.4,41.0,1,191.0,6,7,5.0,5,1,1,45.0,5.0,6.4,Male,Student,United States,Smartphone,Scrolling Social Media,Yes,No,No,No,No,Good
D30650,28,13.0,1.0,1,11.7,8.5,17.0,0,245.0,5,10,5.0,4,1,0,50.0,24.0,0.0,Male,Student,United States,Tablet,Scrolling Social Media,No,No,No,No,No,Good
D30651,19,88.0,5.6,5,18.9,7.0,37.0,3,,2,6,5.0,6,2,4,49.0,4.0,7.3,Female,Employed Part-time,UAE,Smartphone,Meditation/Journaling,No,No,No,Yes,No,Fair
D30652,31,26.0,2.51,1,22.6,8.3,30.0,0,62.0,3,5,5.0,7,0,1,38.0,33.0,0.0,Female,Employed Full-time,Australia,Smartphone,Meditation/Journaling,Yes,Yes,No,No,No,Fair
D30653,29,54.0,2.49,1,58.5,8.0,27.0,4,27.0,5,6,5.0,10,1,5,55.0,59.0,0.0,Prefer not to say,Student,India,Smartphone,Watching Videos,No,No,Yes,No,No,Fair
D30654,19,39.0,3.05,2,21.0,7.1,20.0,1,97.0,5,5,5.0,8,0,2,24.0,63.0,9.1,Male,Employed Full-time,Philippines,Smartphone,Reading,No,Yes,No,No,No,Good
D30655,17,95.0,7.62,4,19.3,5.8,65.0,1,159.0,8,9,4.0,6,1,2,89.0,39.0,19.8,Prefer not to say,Student,United Kingdom,Smartphone,No Fixed Routine,Yes,Yes,Yes,No,No,Poor
D30656,30,36.0,2.6,0,36.2,7.6,10.0,0,89.0,5,8,5.0,3,1,3,55.0,39.0,1.1,Female,Student,Brazil,Smartphone,Reading,Yes,Yes,Yes,No,Yes,Fair
D30657,27,54.0,5.75,2,29.3,6.5,44.0,0,48.0,6,6,5.0,4,0,1,57.0,116.0,14.8,Female,Employed Full-time,India,Smartphone,Scrolling Social Media,No,Yes,No,No,Yes,Poor
D30658,21,87.0,3.37,4,22.3,7.4,30.0,1,,3,4,5.0,7,1,2,49.0,8.0,4.4,Male,Employed Full-time,United States,Smartphone,Scrolling Social Media,Yes,Yes,No,No,Yes,Fair
D30659,34,34.0,4.26,2,16.8,7.1,14.0,2,,4,8,5.0,6,1,3,62.0,79.0,6.0,Female,Unemployed,India,,Scrolling Social Media,Yes,Yes,Yes,No,No,Fair
D30660,35,41.0,4.62,3,5.1,7.1,27.0,2,83.0,4,6,4.0,7,2,4,39.0,35.0,6.5,Male,Employed Full-time,United States,TV,No Fixed Routine,Yes,No,No,No,No,Good
D30661,31,20.0,3.21,1,22.1,8.1,6.0,1,281.0,3,7,5.0,6,1,2,45.0,10.0,0.0,Male,Employed Full-time,Brazil,Smartphone,No Fixed Routine,No,Yes,Yes,No,No,Fair
D30662,44,55.0,6.52,2,23.9,7.6,27.0,1,35.0,3,6,5.0,5,2,3,36.0,43.0,3.8,Male,Employed Part-time,United States,Smartphone,Reading,No,No,No,No,No,Fair
D30663,29,69.0,3.74,2,36.0,8.0,48.0,1,122.0,3,8,,5,1,2,100.0,58.0,2.2,Male,Employed Full-time,Philippines,Smartphone,Reading,No,Yes,No,No,No,Good
D30664,30,56.0,4.19,2,23.7,7.6,28.0,1,31.0,1,1,5.0,6,1,3,22.0,133.0,4.8,Female,Student,Nigeria,Smartphone,Watching Videos,Yes,No,Yes,No,Yes,Fair
D30665,16,13.0,2.91,1,12.3,8.7,22.0,1,113.0,1,4,5.0,6,1,3,25.0,10.0,0.0,Female,Employed Part-time,India,Smartphone,Scrolling Social Media,No,Yes,No,No,No,Good
D30666,15,43.0,2.04,1,44.5,6.8,40.0,1,256.0,5,9,5.0,5,3,3,39.0,177.0,9.7,Female,Employed Full-time,India,Smartphone,Scrolling Social Media,Yes,Yes,Yes,No,Yes,Good
D30667,19,25.0,2.17,1,28.2,8.1,9.0,0,88.0,3,4,5.0,8,1,3,80.0,41.0,0.0,Male,Employed Part-time,United States,Smartphone,,No,Yes,Yes,No,No,Good
D30668,23,44.0,2.22,3,14.5,7.0,20.0,1,65.0,5,5,5.0,7,1,4,59.0,39.0,8.7,Female,Employed Full-time,United States,Smartphone,Scrolling Social Media,No,Yes,Yes,No,Yes,Fair
D30669,44,56.0,3.78,2,24.2,8.5,22.0,1,60.0,5,7,,6,1,1,62.0,53.0,0.0,Female,Employed Full-time,United States,Smartphone,Watching Videos,No,Yes,No,Yes,No,Good
D30670,27,39.0,1.79,0,38.5,8.0,34.0,1,73.0,7,10,5.0,8,1,4,38.0,14.0,0.0,Male,Student,India,Smartphone,Watching Videos,No,Yes,Yes,Yes,No,Good
D30671,24,30.0,2.68,0,32.8,6.7,25.0,2,149.0,6,7,5.0,3,2,4,93.0,17.0,8.8,Male,Employed Full-time,United Kingdom,Smartphone,Scrolling Social Media,No,No,Yes,No,No,Fair
D30672,24,43.0,3.07,2,20.4,6.4,21.0,2,253.0,6,10,5.0,5,1,3,35.0,11.0,13.0,Male,Employed Full-time,United States,Smartphone,Reading,No,Yes,No,No,Yes,Poor
D30673,18,36.0,1.91,0,37.0,7.1,29.0,0,202.0,6,7,5.0,6,0,2,111.0,7.0,5.2,Female,Employed Full-time,United Kingdom,Smartphone,Watching Videos,Yes,No,Yes,No,No,Fair
D30674,25,2.0,1.0,0,5.7,7.8,10.0,1,77.0,3,6,5.0,3,3,1,42.0,1.0,2.9,Male,Unemployed,Canada,Tablet,Scrolling Social Media,No,Yes,No,No,No,Fair
D30675,36,59.0,2.95,2,29.9,6.7,35.0,2,136.0,4,5,5.0,5,0,2,91.0,12.0,9.4,Male,Student,Philippines,Smartphone,Meditation/Journaling,No,Yes,No,Yes,No,Poor
D30676,22,50.0,2.36,1,53.2,7.6,7.0,0,39.0,6,6,5.0,4,2,1,37.0,47.0,0.3,Female,Unemployed,India,Laptop,Reading,Yes,Yes,Yes,No,Yes,Fair
D30677,20,58.0,3.67,4,14.1,8.7,16.0,3,70.0,5,8,5.0,7,1,5,40.0,13.0,0.0,Female,Employed Full-time,United Kingdom,Tablet,Watching Videos,Yes,Yes,No,No,No,Good
D30678,20,40.0,2.89,3,11.0,7.2,9.0,1,56.0,6,8,5.0,5,2,2,58.0,1.0,6.0,Male,Student,Canada,Smartphone,Scrolling Social Media,No,Yes,Yes,No,Yes,Good
D30679,30,31.0,2.51,0,28.6,7.8,15.0,2,87.0,4,6,5.0,4,2,3,107.0,12.0,0.3,Female,Student,United States,Smartphone,Watching Videos,Yes,Yes,Yes,Yes,No,Poor
D30680,16,40.0,4.81,1,39.2,7.2,5.0,0,29.0,4,4,5.0,6,3,2,76.0,32.0,5.4,Male,Employed Full-time,India,Tablet,Reading,Yes,Yes,No,Yes,No,Poor
D30681,15,34.0,2.22,2,17.2,7.4,9.0,1,37.0,4,7,5.0,5,1,2,56.0,40.0,5.9,Female,Employed Full-time,India,Smartphone,Watching Videos,No,Yes,No,No,Yes,Good
D30682,33,76.0,3.47,4,20.3,7.2,39.0,1,108.0,7,7,5.0,5,0,2,26.0,51.0,6.6,Female,Student,UAE,TV,No Fixed Routine,Yes,Yes,No,Yes,Yes,Fair
D30683,30,149.0,8.08,7,17.0,6.1,75.0,3,24.0,8,9,5.0,6,2,3,52.0,8.0,12.3,Male,Student,United Kingdom,Smartphone,No Fixed Routine,No,Yes,Yes,No,Yes,Poor
D30684,27,51.0,3.92,2,23.1,7.8,21.0,1,23.0,5,8,5.0,6,0,1,26.0,32.0,0.0,Male,Employed Full-time,United Kingdom,Smartphone,Watching Videos,No,Yes,No,No,No,Fair
D30685,40,38.0,3.19,3,12.1,8.6,21.0,2,91.0,4,6,5.0,5,0,4,71.0,10.0,0.0,Prefer not to say,,Australia,Smartphone,No Fixed Routine,Yes,Yes,Yes,No,Yes,Fair
D30686,23,50.0,4.26,1,52.2,7.7,26.0,0,123.0,6,5,5.0,4,2,0,48.0,30.0,2.5,Female,,India,Smartphone,Scrolling Social Media,Yes,Yes,Yes,Yes,Yes,Fair
D30687,27,38.0,1.8,2,22.3,7.8,20.0,2,219.0,7,10,5.0,7,0,5,51.0,52.0,0.0,Male,Student,Germany,Smartphone,Watching Videos,Yes,Yes,Yes,No,Yes,Good
D30688,39,33.0,2.23,1,33.9,7.9,12.0,2,107.0,6,6,5.0,7,0,2,75.0,48.0,0.0,Male,,United Kingdom,Laptop,Watching Videos,No,Yes,Yes,No,No,Good
D30689,30,64.0,2.81,2,32.4,8.0,12.0,1,92.0,5,8,5.0,5,0,3,52.0,60.0,2.3,Female,Employed Full-time,United Kingdom,Tablet,Scrolling Social Media,Yes,Yes,No,No,No,Good
D30690,33,24.0,5.32,2,11.1,7.9,24.0,4,217.0,4,4,4.0,10,0,5,70.0,4.0,1.6,Male,Unemployed,Germany,Smartphone,Reading,Yes,Yes,No,No,No,Fair
D30691,24,20.0,1.76,1,18.2,7.5,34.0,1,8.0,9,10,5.0,6,2,1,73.0,15.0,0.3,Male,Employed Full-time,Philippines,Smartphone,Scrolling Social Media,No,Yes,Yes,Yes,Yes,Poor
D30692,29,82.0,3.16,4,18.7,7.5,56.0,4,36.0,9,10,5.0,7,2,4,46.0,209.0,5.2,Male,Employed Full-time,Australia,Laptop,Meditation/Journaling,No,No,Yes,No,Yes,Poor
D30693,21,42.0,4.41,2,21.4,8.5,20.0,1,307.0,5,7,5.0,4,2,1,64.0,32.0,0.0,Male,Student,Nigeria,Smartphone,Watching Videos,No,No,No,No,No,Good
D30694,28,62.0,3.16,2,31.8,7.5,45.0,0,69.0,4,5,5.0,6,0,0,44.0,20.0,3.2,Female,Employed Full-time,Brazil,Smartphone,Scrolling Social Media,No,No,No,No,Yes,Fair
D30695,25,55.0,4.47,0,57.0,8.3,23.0,2,178.0,3,4,5.0,6,1,2,,27.0,0.9,Male,Student,Nigeria,TV,Scrolling Social Media,No,Yes,No,No,No,Good
D30696,24,52.0,2.58,0,53.0,7.1,23.0,3,,4,5,5.0,6,3,3,81.0,46.0,3.6,Male,Employed Part-time,United States,Smartphone,Watching Videos,Yes,Yes,No,No,No,Poor
D30697,25,85.0,3.73,4,20.4,6.8,47.0,4,,6,9,4.0,7,0,5,71.0,32.0,9.7,Female,Student,United Kingdom,Smartphone,Scrolling Social Media,Yes,Yes,Yes,Yes,Yes,Poor
D30698,22,70.0,2.97,4,15.5,6.5,52.0,3,196.0,5,5,4.0,8,1,4,50.0,130.0,9.0,Female,Employed Full-time,Philippines,Smartphone,Scrolling Social Media,No,Yes,No,Yes,Yes,Poor
D30699,28,53.0,2.76,3,13.8,6.3,38.0,2,22.0,2,2,4.0,9,3,3,82.0,135.0,11.4,Male,Employed Full-time,India,Smartphone,Scrolling Social Media,Yes,Yes,No,Yes,No,Poor
D30700,26,149.0,5.6,6,24.2,5.9,65.0,3,145.0,5,6,4.0,8,1,4,24.0,39.0,18.9,Male,Unemployed,UAE,Smartphone,No Fixed Routine,No,No,No,No,Yes,Poor
D30701,39,63.0,4.09,3,20.2,7.7,29.0,2,44.0,6,5,5.0,5,1,5,57.0,120.0,0.0,Male,Employed Full-time,Canada,Smartphone,Scrolling Social Media,Yes,Yes,No,No,Yes,Poor
D30702,37,70.0,5.05,2,37.1,8.0,14.0,1,88.0,3,3,5.0,4,1,2,77.0,30.0,0.0,Female,Employed Full-time,Brazil,Smartphone,Scrolling Social Media,Yes,No,No,No,Yes,Fair
D30703,40,32.0,1.77,1,28.8,8.5,26.0,1,217.0,4,7,,7,1,1,69.0,43.0,0.0,Male,Student,United States,Tablet,Scrolling Social Media,No,Yes,No,No,No,Good
D30704,54,70.0,6.43,4,16.1,6.5,32.0,2,252.0,5,5,5.0,6,0,5,66.0,50.0,6.2,Male,Employed Full-time,India,Smartphone,Scrolling Social Media,No,Yes,Yes,No,Yes,Poor
D30705,36,100.0,6.18,5,22.1,7.4,45.0,4,47.0,9,9,5.0,7,1,4,45.0,76.0,5.3,Female,Employed Full-time,United States,Smartphone,Meditation/Journaling,No,No,Yes,No,Yes,Fair
D30706,15,27.0,2.53,0,28.7,7.7,33.0,0,,5,8,5.0,4,0,2,63.0,123.0,4.4,Female,Employed Part-time,India,Tablet,Scrolling Social Media,Yes,Yes,Yes,No,Yes,Poor
D30707,17,25.0,1.08,1,28.0,8.7,17.0,0,147.0,3,5,5.0,4,1,0,44.0,19.0,0.0,Male,Employed Full-time,United Kingdom,Laptop,Scrolling Social Media,No,Yes,No,Yes,Yes,Good
D30708,15,63.0,4.37,4,15.9,5.8,38.0,2,102.0,3,5,5.0,8,0,3,59.0,1.0,17.3,Male,Employed Full-time,India,Smartphone,Reading,Yes,Yes,No,No,No,Poor
D30709,31,32.0,2.41,0,31.5,8.8,17.0,0,44.0,5,5,5.0,4,0,4,74.0,66.0,0.0,Male,Unemployed,United States,Tablet,Scrolling Social Media,Yes,No,Yes,No,No,Good
D30710,42,47.0,2.61,2,25.9,7.6,18.0,1,36.0,3,5,5.0,8,1,1,65.0,41.0,5.0,Male,Student,Philippines,Smartphone,No Fixed Routine,No,Yes,Yes,No,Yes,Good
D30711,18,104.0,4.06,5,15.4,7.7,36.0,3,179.0,6,8,5.0,6,2,4,26.0,113.0,7.3,Female,Employed Full-time,Australia,TV,Watching Videos,Yes,Yes,No,No,Yes,Poor
D30712,32,108.0,8.44,4,28.6,7.6,65.0,4,18.0,9,7,5.0,7,1,4,25.0,1.0,2.8,Male,Employed Full-time,India,Laptop,No Fixed Routine,Yes,Yes,Yes,No,Yes,Poor
D30713,28,36.0,1.98,0,31.8,7.1,12.0,0,50.0,5,7,5.0,5,0,0,35.0,10.0,5.6,Male,Employed Part-time,United States,Smartphone,Watching Videos,Yes,No,Yes,No,Yes,Fair
D30714,18,60.0,3.49,1,61.7,7.1,28.0,2,167.0,7,7,5.0,4,3,4,60.0,101.0,6.1,Male,Unemployed,UAE,Tablet,Watching Videos,No,Yes,Yes,No,Yes,Poor
D30715,37,21.0,1.24,0,21.3,7.5,15.0,0,27.0,2,6,5.0,4,3,1,95.0,119.0,4.2,Male,Employed Part-time,India,,Scrolling Social Media,No,Yes,Yes,No,No,Good
D30716,23,15.0,1.69,0,15.0,6.9,11.0,1,159.0,1,4,5.0,6,0,1,46.0,58.0,7.2,Female,Student,India,Smartphone,No Fixed Routine,No,Yes,No,No,No,Fair
D30717,24,39.0,1.73,2,17.5,6.9,27.0,0,118.0,3,5,5.0,4,0,2,66.0,25.0,8.0,Prefer not to say,Student,UAE,Tablet,Watching Videos,No,Yes,No,Yes,No,Good
D30718,16,18.0,1.0,1,16.7,7.6,23.0,0,354.0,5,9,5.0,5,1,2,41.0,34.0,2.3,Male,Employed Full-time,India,Laptop,Meditation/Journaling,Yes,Yes,No,No,No,Good
D30719,15,62.0,8.58,4,17.2,7.4,29.0,3,279.0,5,5,4.0,10,2,3,58.0,68.0,5.7,Male,Employed Full-time,Philippines,Smartphone,Meditation/Journaling,No,Yes,No,No,No,Poor
D30720,41,9.0,1.0,0,9.1,7.5,23.0,0,97.0,3,4,5.0,4,2,0,99.0,57.0,2.0,Male,Student,United States,Smartphone,Scrolling Social Media,No,Yes,No,No,No,Good
D30721,29,47.0,3.29,2,16.9,7.4,33.0,2,97.0,5,7,5.0,4,2,3,35.0,58.0,6.9,Male,Student,Nigeria,Smartphone,Scrolling Social Media,Yes,Yes,Yes,No,Yes,Poor
D30722,35,56.0,2.5,2,31.4,7.6,9.0,0,66.0,2,4,5.0,5,1,0,66.0,22.0,4.9,Male,Student,Germany,Tablet,Watching Videos,No,Yes,No,Yes,No,Good
D30723,32,75.0,5.4,3,17.1,8.7,34.0,3,21.0,7,9,5.0,5,2,3,55.0,19.0,0.0,Female,,India,Laptop,Meditation/Journaling,No,Yes,No,No,Yes,Poor
D30724,23,43.0,2.15,0,42.5,7.4,32.0,2,87.0,7,6,5.0,7,4,3,50.0,11.0,3.1,Male,Employed Full-time,Nigeria,Laptop,Reading,No,Yes,Yes,Yes,No,Fair
D30725,31,27.0,2.68,0,26.9,7.4,27.0,2,12.0,3,1,5.0,5,0,5,103.0,4.0,5.1,Male,Employed Full-time,India,Smartphone,Watching Videos,Yes,No,No,Yes,No,Fair
D30726,17,9.0,4.11,0,4.9,7.4,2.0,2,47.0,5,8,5.0,6,1,3,69.0,41.0,2.6,Male,Unemployed,UAE,Smartphone,No Fixed Routine,No,Yes,Yes,Yes,No,Fair
D30727,15,26.0,4.27,1,21.4,7.0,22.0,0,111.0,4,7,4.0,5,1,0,45.0,15.0,8.5,Female,Unemployed,Nigeria,Laptop,Scrolling Social Media,Yes,Yes,No,No,Yes,Fair
D30728,43,56.0,4.45,2,28.0,7.9,50.0,2,132.0,5,6,5.0,6,1,3,84.0,1.0,2.1,Female,Unemployed,United States,Smartphone,Scrolling Social Media,No,Yes,No,Yes,Yes,Poor
D30729,29,29.0,1.45,1,26.4,7.5,19.0,1,94.0,4,5,5.0,4,1,1,54.0,30.0,1.7,Prefer not to say,Employed Part-time,India,Tablet,Watching Videos,No,Yes,No,Yes,No,Good
D30730,15,124.0,5.35,4,34.0,6.4,58.0,3,52.0,9,7,4.0,8,0,3,70.0,24.0,10.5,Female,Student,Brazil,Smartphone,Scrolling Social Media,No,Yes,Yes,No,Yes,Poor
D30731,20,19.0,2.57,1,19.7,7.6,17.0,3,26.0,4,9,5.0,8,0,5,46.0,3.0,3.4,Male,Employed Part-time,United States,Smartphone,Reading,No,Yes,Yes,Yes,No,Good
D30732,41,26.0,6.12,0,27.5,8.4,43.0,1,86.0,2,4,5.0,6,1,1,56.0,8.0,1.9,Male,Employed Full-time,United States,Laptop,Scrolling Social Media,No,No,No,No,No,Good
D30733,19,72.0,3.17,3,24.9,8.1,41.0,4,89.0,3,7,5.0,6,1,4,15.0,7.0,0.0,Female,Employed Full-time,Australia,TV,Reading,Yes,Yes,No,No,Yes,Good
D30734,15,81.0,8.93,4,21.9,7.1,16.0,4,39.0,6,7,5.0,9,1,5,59.0,8.0,5.0,Male,Student,Nigeria,Smartphone,Scrolling Social Media,Yes,Yes,No,No,Yes,Poor
D30735,18,43.0,2.41,2,21.2,7.4,14.0,0,344.0,4,6,5.0,5,1,1,36.0,44.0,5.6,Male,Unemployed,United States,Laptop,Watching Videos,No,Yes,No,No,No,Good
D30736,41,41.0,9.34,2,21.2,7.2,20.0,0,172.0,3,6,5.0,6,1,0,62.0,44.0,3.5,Prefer not to say,Student,Brazil,Smartphone,Reading,No,Yes,Yes,No,Yes,Fair
D30737,32,51.0,4.2,2,25.4,7.2,27.0,1,19.0,3,6,5.0,6,1,1,72.0,69.0,5.9,Female,Employed Full-time,India,Smartphone,Scrolling Social Media,Yes,Yes,Yes,No,Yes,Good
D30738,36,19.0,2.03,0,13.5,7.2,9.0,0,135.0,5,6,5.0,5,3,0,46.0,25.0,4.3,Prefer not to say,Unemployed,India,Smartphone,No Fixed Routine,Yes,Yes,Yes,Yes,Yes,Good
D30739,17,43.0,3.98,2,17.0,8.7,28.0,0,106.0,6,9,5.0,3,0,3,66.0,112.0,0.0,Male,Student,United States,Smartphone,Watching Videos,No,No,No,No,No,Fair
D30740,40,60.0,3.26,2,31.8,6.0,30.0,1,100.0,4,5,4.0,5,1,3,36.0,38.0,14.0,Male,,Brazil,Laptop,Scrolling Social Media,Yes,Yes,No,No,Yes,Poor
D30741,24,83.0,4.44,5,21.7,6.7,20.0,3,81.0,4,6,5.0,6,1,4,90.0,4.0,10.8,Female,Employed Full-time,United Kingdom,Smartphone,Reading,Yes,Yes,No,No,Yes,Poor
D30742,29,96.0,5.36,4,20.9,7.7,41.0,3,175.0,8,7,4.0,8,2,3,19.0,58.0,1.2,Female,Student,India,Smartphone,Meditation/Journaling,No,Yes,Yes,No,Yes,Poor
D30743,34,103.0,5.07,5,24.7,6.8,42.0,3,105.0,4,4,5.0,6,2,5,65.0,57.0,12.0,Female,Student,United States,Smartphone,Scrolling Social Media,Yes,Yes,No,No,Yes,Fair
D30744,35,46.0,1.75,1,45.9,7.2,19.0,4,221.0,1,5,,7,1,5,,40.0,7.1,Male,Employed Part-time,Australia,Smartphone,No Fixed Routine,No,Yes,No,No,No,Fair
D30745,16,20.0,1.05,3,5.7,7.9,31.0,3,140.0,4,5,5.0,6,2,4,54.0,32.0,0.8,Female,Employed Full-time,Australia,TV,No Fixed Routine,Yes,Yes,Yes,No,No,Good
D30746,18,128.0,5.93,6,24.4,6.8,69.0,2,145.0,5,8,4.0,8,1,3,40.0,71.0,6.3,Prefer not to say,Employed Full-time,United States,Smartphone,Reading,No,No,Yes,Yes,Yes,Poor
D30747,31,40.0,1.86,2,14.8,7.2,31.0,1,35.0,5,7,5.0,5,0,1,,12.0,7.1,Female,Unemployed,Brazil,Smartphone,Watching Videos,No,Yes,Yes,No,Yes,Fair
D30748,43,108.0,4.88,6,17.6,5.7,58.0,4,96.0,6,7,4.0,8,1,4,24.0,37.0,16.9,Female,Employed Full-time,India,Laptop,Watching Videos,Yes,Yes,Yes,No,Yes,Poor
D30749,34,65.0,7.22,2,37.8,6.1,39.0,1,74.0,5,3,5.0,6,3,1,69.0,3.0,16.1,Male,Employed Part-time,Canada,Smartphone,Watching Videos,No,Yes,No,No,No,Fair
D30750,21,58.0,5.04,2,27.1,7.0,34.0,2,74.0,3,4,5.0,6,1,3,48.0,15.0,7.9,Female,,India,Laptop,Watching Videos,No,Yes,No,Yes,No,Fair
D30751,45,16.0,2.35,1,17.5,8.1,30.0,2,110.0,2,2,5.0,6,3,4,32.0,14.0,0.0,Female,Student,Philippines,Smartphone,,Yes,Yes,No,No,Yes,Poor
D30752,35,73.0,3.91,3,29.5,6.2,26.0,1,170.0,6,8,5.0,6,4,4,46.0,19.0,13.6,Female,Unemployed,India,Smartphone,Scrolling Social Media,No,No,Yes,No,Yes,Fair
D30753,34,24.0,1.62,1,21.9,9.4,29.0,0,96.0,2,6,5.0,6,2,3,77.0,3.0,0.0,Female,Student,United Kingdom,Smartphone,Scrolling Social Media,Yes,Yes,No,No,Yes,Good
D30754,30,66.0,3.29,2,26.1,7.4,50.0,2,72.0,6,5,5.0,2,3,2,40.0,147.0,4.4,Male,Employed Part-time,United Kingdom,Smartphone,Reading,No,Yes,Yes,No,Yes,Poor
D30755,26,8.0,1.19,0,6.3,7.6,43.0,0,80.0,7,6,5.0,5,1,1,63.0,68.0,0.8,Female,Employed Full-time,Brazil,Smartphone,Watching Videos,Yes,Yes,Yes,Yes,No,Good
D30756,41,12.0,1.0,1,16.3,7.0,4.0,0,12.0,3,7,5.0,5,2,1,57.0,25.0,5.9,Male,Student,Germany,,Scrolling Social Media,No,Yes,No,No,No,Good
D30757,27,16.0,1.29,1,15.3,7.0,38.0,2,86.0,6,4,4.0,8,0,3,66.0,62.0,5.7,Male,Employed Part-time,India,Smartphone,Scrolling Social Media,No,Yes,Yes,No,Yes,Fair
D30758,34,50.0,3.34,2,26.9,7.3,29.0,0,,3,6,5.0,6,1,0,62.0,76.0,10.4,Female,Employed Part-time,Canada,Smartphone,Meditation/Journaling,No,Yes,No,No,No,Fair
D30759,20,24.0,2.56,1,24.4,7.0,15.0,0,219.0,4,4,5.0,7,2,1,80.0,80.0,4.9,Female,Employed Full-time,United States,Smartphone,Watching Videos,No,Yes,No,Yes,Yes,Fair
D30760,32,13.0,6.7,0,11.9,9.2,20.0,1,103.0,1,4,5.0,6,2,3,81.0,33.0,0.0,Female,Employed Full-time,India,Laptop,Scrolling Social Media,No,Yes,No,Yes,No,Good
D30761,24,40.0,2.78,2,19.2,7.9,20.0,1,202.0,6,7,5.0,4,3,2,35.0,34.0,0.0,Male,Employed Full-time,United States,Tablet,Reading,Yes,No,Yes,Yes,No,Fair
D30762,27,31.0,8.02,2,17.7,7.0,24.0,0,67.0,3,3,5.0,7,4,0,62.0,87.0,6.5,Male,Employed Full-time,United Kingdom,Tablet,Scrolling Social Media,No,Yes,No,No,Yes,Fair
D30763,23,11.0,1.0,0,8.3,7.5,8.0,3,130.0,2,8,5.0,6,2,3,51.0,22.0,0.4,Female,Student,Australia,Smartphone,Watching Videos,No,Yes,No,No,No,Poor
D30764,35,46.0,4.66,2,15.3,7.1,34.0,1,45.0,6,7,5.0,6,0,1,17.0,26.0,7.2,Female,Student,United States,Smartphone,Reading,No,Yes,No,No,No,Fair
D30765,25,54.0,4.15,1,53.1,7.0,39.0,1,134.0,6,6,5.0,9,1,3,57.0,46.0,6.6,Female,Employed Full-time,Philippines,Tablet,Meditation/Journaling,No,No,No,Yes,No,Fair
D30766,24,63.0,4.35,3,20.8,6.1,32.0,3,49.0,6,5,5.0,5,1,7,,10.0,14.3,Male,Employed Full-time,India,TV,Meditation/Journaling,No,Yes,No,No,No,Poor
D30767,26,79.0,3.72,4,20.8,7.5,49.0,2,66.0,9,10,4.0,6,0,5,74.0,110.0,0.0,Male,Employed Full-time,Brazil,Smartphone,Watching Videos,No,Yes,Yes,No,Yes,Poor
D30768,32,41.0,4.94,0,37.0,6.3,15.0,2,217.0,2,3,4.0,7,1,2,36.0,3.0,10.1,Male,Employed Full-time,UAE,Tablet,Meditation/Journaling,Yes,Yes,No,No,No,Poor
D30769,20,50.0,3.44,2,21.9,8.3,27.0,2,275.0,5,8,5.0,7,2,3,81.0,40.0,0.0,Female,Employed Full-time,United Kingdom,Laptop,Reading,No,Yes,No,No,No,Fair
D30770,22,19.0,1.52,2,13.0,8.9,28.0,2,179.0,3,4,5.0,6,1,4,,1.0,0.0,Male,Employed Part-time,India,Smartphone,Scrolling Social Media,No,Yes,No,Yes,Yes,Fair
D30771,31,17.0,1.13,3,8.2,8.1,23.0,1,148.0,1,1,,7,1,1,46.0,56.0,0.4,Female,Student,United States,TV,Scrolling Social Media,No,Yes,No,No,Yes,Fair
D30772,21,55.0,4.02,2,28.2,7.0,9.0,1,165.0,3,7,,7,1,2,60.0,41.0,8.1,Female,Student,Germany,Smartphone,No Fixed Routine,Yes,No,No,No,No,Fair
D30773,29,35.0,5.5,2,17.3,6.3,24.0,0,79.0,5,5,5.0,4,3,0,44.0,71.0,13.6,Prefer not to say,Student,Canada,Smartphone,No Fixed Routine,No,Yes,Yes,No,No,Good
D30774,34,74.0,3.5,4,22.0,6.0,65.0,2,108.0,7,10,3.0,10,1,2,51.0,28.0,14.5,Female,Employed Full-time,United Kingdom,Smartphone,Scrolling Social Media,No,No,No,No,Yes,Poor
D30775,21,99.0,5.25,6,15.7,6.7,49.0,3,77.0,7,6,4.0,8,2,3,69.0,37.0,9.9,Female,Unemployed,India,Tablet,Scrolling Social Media,No,Yes,Yes,No,Yes,Poor
D30776,18,58.0,2.6,2,29.4,7.6,40.0,1,106.0,5,9,5.0,7,2,2,53.0,8.0,1.9,Female,Student,India,Smartphone,Scrolling Social Media,No,No,Yes,No,No,Poor
D30777,29,26.0,1.75,2,12.2,8.3,4.0,0,42.0,4,3,5.0,5,0,3,51.0,4.0,0.0,Female,Student,United States,Tablet,Scrolling Social Media,Yes,Yes,Yes,No,No,Good
D30778,22,183.0,8.31,7,24.3,6.3,68.0,5,62.0,4,4,2.0,10,1,7,0.0,48.0,11.7,Male,Student,Australia,Smartphone,Scrolling Social Media,No,Yes,No,No,Yes,Poor
D30779,17,55.0,7.65,3,17.7,7.8,34.0,2,,3,6,5.0,8,0,2,,36.0,1.0,Male,Unemployed,India,Smartphone,Watching Videos,No,No,No,Yes,No,Good
D30780,39,45.0,2.13,2,22.6,7.4,39.0,0,133.0,5,5,5.0,5,2,1,18.0,78.0,3.3,Male,Employed Full-time,India,Laptop,Scrolling Social Media,No,Yes,No,No,Yes,Poor
D30781,26,18.0,1.16,0,24.0,6.9,2.0,0,105.0,5,6,5.0,6,1,1,54.0,14.0,9.4,Female,Employed Part-time,India,Smartphone,Scrolling Social Media,No,Yes,Yes,No,No,Good
D30782,38,31.0,1.41,0,28.0,7.3,21.0,0,3.0,6,7,5.0,6,0,2,42.0,15.0,3.9,Female,Student,United States,Smartphone,Scrolling Social Media,No,No,Yes,No,No,Good
D30783,21,72.0,3.59,4,18.0,7.0,56.0,3,92.0,4,5,5.0,8,1,4,19.0,11.0,5.4,Female,Employed Full-time,Australia,Smartphone,No Fixed Routine,No,Yes,No,No,Yes,Poor
D30784,30,74.0,4.01,2,38.9,6.0,40.0,0,62.0,8,8,5.0,5,0,1,40.0,5.0,9.8,Male,Employed Full-time,India,Smartphone,No Fixed Routine,No,Yes,Yes,No,Yes,Poor
D30785,34,78.0,7.79,2,44.2,6.8,25.0,1,125.0,3,4,5.0,4,4,2,39.0,23.0,8.6,Female,Unemployed,Philippines,Smartphone,No Fixed Routine,No,No,No,Yes,No,Good
D30786,34,67.0,6.18,0,69.9,7.5,31.0,0,201.0,5,6,5.0,6,1,1,79.0,99.0,5.0,Male,Unemployed,United Kingdom,Smartphone,No Fixed Routine,No,Yes,Yes,Yes,Yes,Fair
D30787,18,94.0,3.62,4,22.2,6.9,39.0,1,296.0,7,10,5.0,6,0,4,63.0,3.0,6.9,Male,Employed Part-time,United States,Smartphone,Scrolling Social Media,No,Yes,Yes,Yes,Yes,Fair
D30788,33,13.0,4.81,2,10.4,7.1,29.0,2,265.0,5,6,5.0,8,2,5,9.0,34.0,4.6,Male,Student,United States,TV,Scrolling Social Media,No,Yes,Yes,Yes,Yes,Fair
D30789,25,12.0,1.58,2,2.0,9.6,22.0,4,296.0,3,7,5.0,9,0,4,41.0,3.0,0.0,Female,Employed Full-time,United States,Smartphone,Watching Videos,Yes,No,No,No,No,Good
D30790,19,11.0,5.1,1,15.2,8.3,12.0,1,280.0,2,5,5.0,5,0,5,85.0,2.0,0.0,Female,Employed Full-time,UAE,Laptop,Watching Videos,No,Yes,Yes,No,No,Good
D30791,38,32.0,1.88,1,34.4,7.8,36.0,1,182.0,2,3,5.0,6,1,2,65.0,47.0,1.7,Male,Employed Full-time,United States,Laptop,No Fixed Routine,Yes,Yes,No,Yes,No,Good
D30792,23,82.0,6.22,1,82.2,7.1,44.0,1,165.0,4,6,5.0,5,0,2,42.0,33.0,5.7,Male,Student,United States,Smartphone,No Fixed Routine,No,Yes,Yes,Yes,No,Good
D30793,15,50.0,2.45,2,21.3,9.2,29.0,2,114.0,5,6,5.0,7,0,5,61.0,3.0,0.0,Female,Student,Philippines,,Scrolling Social Media,No,Yes,No,No,Yes,Good
D30794,35,37.0,2.03,2,26.0,6.3,27.0,0,105.0,5,5,5.0,5,2,1,43.0,74.0,12.2,Male,Employed Full-time,United States,Smartphone,Meditation/Journaling,Yes,No,No,Yes,No,Fair
D30795,42,59.0,5.39,1,57.3,7.8,35.0,2,106.0,4,7,5.0,5,3,3,53.0,74.0,0.0,Male,Employed Full-time,India,Smartphone,Reading,Yes,No,Yes,No,No,Fair
D30796,29,72.0,2.81,4,19.8,7.8,28.0,3,64.0,7,8,4.0,10,1,7,50.0,30.0,0.0,Female,Student,Brazil,Smartphone,Reading,No,No,Yes,No,Yes,Poor
D30797,34,58.0,2.78,2,31.3,7.2,32.0,1,64.0,6,7,5.0,5,1,4,66.0,76.0,1.9,Female,Employed Full-time,Nigeria,,Reading,No,Yes,Yes,No,No,Poor
D30798,22,96.0,4.72,3,32.0,5.7,42.0,3,102.0,4,5,4.0,7,0,4,46.0,61.0,15.6,Male,Employed Full-time,India,Smartphone,Scrolling Social Media,Yes,No,No,No,No,Poor
D30799,21,94.0,4.53,5,20.7,7.2,35.0,2,110.0,5,5,4.0,7,0,3,,152.0,8.2,Male,Employed Full-time,Australia,Tablet,Scrolling Social Media,No,Yes,No,No,Yes,Poor
D30800,24,64.0,5.78,3,16.9,7.0,21.0,1,166.0,5,10,5.0,6,0,2,35.0,108.0,3.7,Female,Employed Full-time,Philippines,Tablet,Scrolling Social Media,No,No,Yes,Yes,Yes,Fair
D30801,21,43.0,2.27,1,37.5,7.4,14.0,0,118.0,4,5,5.0,6,4,0,26.0,22.0,5.2,Male,Student,United Kingdom,Smartphone,Scrolling Social Media,Yes,Yes,Yes,No,No,Good
D30802,30,14.0,1.0,0,15.3,7.8,11.0,1,373.0,3,4,4.0,6,3,1,80.0,7.0,1.9,Male,Employed Full-time,Australia,Laptop,Reading,No,Yes,No,Yes,No,Fair
D30803,25,75.0,4.12,4,21.3,7.2,35.0,1,250.0,3,7,5.0,6,0,1,32.0,161.0,9.1,Female,Student,Australia,Smartphone,Watching Videos,Yes,Yes,Yes,No,Yes,Poor
D30804,30,95.0,6.92,3,29.2,7.1,58.0,1,59.0,5,5,3.0,8,0,1,20.0,96.0,3.1,Female,Employed Full-time,Australia,Smartphone,Scrolling Social Media,Yes,Yes,Yes,No,Yes,Poor
D30805,28,52.0,2.6,4,18.3,5.9,18.0,1,19.0,4,4,4.0,8,5,1,60.0,20.0,16.5,Male,,Nigeria,Smartphone,Scrolling Social Media,No,Yes,No,No,No,Poor
D30806,34,32.0,2.37,1,33.6,7.0,8.0,2,85.0,5,6,5.0,7,1,3,42.0,1.0,5.2,Male,Unemployed,Nigeria,Laptop,No Fixed Routine,Yes,Yes,No,No,No,Good
D30807,33,36.0,1.95,0,35.8,7.0,14.0,1,109.0,1,6,5.0,6,2,4,74.0,30.0,11.1,Male,Student,United States,Smartphone,Reading,Yes,Yes,No,No,No,Fair
D30808,27,37.0,5.82,2,20.7,8.4,15.0,0,,8,10,5.0,5,3,1,36.0,10.0,0.0,Prefer not to say,Employed Full-time,India,Smartphone,Reading,No,Yes,Yes,No,Yes,Fair
D30809,24,66.0,5.2,2,27.9,7.0,18.0,3,59.0,5,9,5.0,7,3,3,58.0,114.0,4.1,Female,Employed Full-time,Canada,Smartphone,Scrolling Social Media,No,Yes,Yes,Yes,Yes,Poor
D30810,34,69.0,7.6,4,19.1,8.5,47.0,4,201.0,6,8,5.0,7,1,4,64.0,10.0,0.0,Male,Unemployed,United Kingdom,Smartphone,Reading,No,No,No,Yes,No,Fair
D30811,18,87.0,4.85,4,19.3,6.4,34.0,1,186.0,6,5,5.0,6,3,1,18.0,46.0,12.7,Male,Employed Part-time,India,Smartphone,Scrolling Social Media,Yes,Yes,Yes,No,Yes,Poor
D30812,29,57.0,2.86,3,15.0,7.4,31.0,1,35.0,4,7,5.0,5,2,1,66.0,36.0,3.9,Male,Employed Full-time,India,,No Fixed Routine,Yes,Yes,Yes,No,No,Fair
D30813,29,20.0,2.35,0,17.2,8.3,21.0,1,105.0,3,3,5.0,8,0,3,60.0,82.0,0.0,Female,Employed Full-time,Australia,Smartphone,Meditation/Journaling,Yes,Yes,Yes,No,No,Good
D30814,43,26.0,1.08,2,13.2,7.0,11.0,0,97.0,3,6,5.0,4,1,1,49.0,4.0,3.3,Male,Student,India,Smartphone,Scrolling Social Media,No,Yes,Yes,No,No,Fair
D30815,31,14.0,1.52,3,6.7,7.4,3.0,1,132.0,5,8,5.0,2,2,2,28.0,49.0,1.1,Male,Employed Full-time,Brazil,Smartphone,Reading,No,No,No,No,No,Good
D30816,27,24.0,5.03,0,27.5,7.8,18.0,0,130.0,6,7,5.0,2,1,0,82.0,15.0,3.2,Female,Unemployed,India,Smartphone,No Fixed Routine,No,No,Yes,Yes,No,Good
D30817,37,98.0,4.82,3,38.0,8.7,34.0,1,132.0,7,9,5.0,6,2,2,41.0,33.0,0.0,Male,Employed Part-time,Canada,Smartphone,Scrolling Social Media,No,Yes,Yes,No,Yes,Fair
D30818,15,28.0,5.51,2,13.8,9.2,31.0,2,12.0,2,4,5.0,7,0,3,78.0,75.0,0.0,Female,Student,Nigeria,TV,Scrolling Social Media,Yes,No,No,Yes,Yes,Fair
D30819,44,30.0,2.23,4,2.5,8.3,25.0,2,124.0,6,9,5.0,4,2,3,97.0,13.0,0.0,Male,,India,Laptop,Watching Videos,Yes,Yes,No,No,No,Fair
D30820,16,37.0,4.21,0,34.0,8.8,11.0,0,16.0,5,6,5.0,6,0,1,50.0,35.0,0.0,Male,Employed Part-time,Brazil,Laptop,Meditation/Journaling,No,No,No,No,No,Good
D30821,31,43.0,2.04,1,39.5,6.4,14.0,1,87.0,3,3,3.0,7,1,1,72.0,25.0,11.9,Female,Unemployed,India,Smartphone,Watching Videos,No,No,Yes,No,No,Poor
D30822,26,26.0,3.13,1,24.1,8.5,20.0,0,35.0,3,5,,2,1,2,41.0,15.0,0.0,Female,Employed Full-time,India,,Scrolling Social Media,Yes,Yes,No,Yes,Yes,Fair
D30823,25,37.0,2.69,2,17.0,8.1,12.0,1,170.0,4,7,5.0,5,0,2,66.0,85.0,0.0,Female,Unemployed,India,Smartphone,Scrolling Social Media,No,Yes,No,No,No,Fair
D30824,27,61.0,3.53,2,30.4,7.7,25.0,0,35.0,5,8,5.0,4,0,1,81.0,4.0,2.1,Female,Employed Part-time,India,Smartphone,Scrolling Social Media,No,Yes,No,No,No,Good
D30825,25,35.0,5.21,1,34.7,8.7,13.0,0,217.0,3,5,5.0,5,0,0,73.0,48.0,0.0,Female,Student,Canada,Smartphone,Watching Videos,No,Yes,No,Yes,No,Good
D30826,15,123.0,5.68,5,22.6,6.1,43.0,4,93.0,7,6,4.0,10,1,6,38.0,1.0,10.7,Male,Employed Part-time,Canada,Laptop,Reading,No,Yes,Yes,No,Yes,Poor
D30827,35,19.0,1.31,1,12.6,6.8,21.0,0,248.0,5,7,5.0,4,1,0,41.0,10.0,9.6,Male,Employed Part-time,United States,Smartphone,No Fixed Routine,No,Yes,No,No,No,Fair
D30828,19,22.0,1.66,1,23.6,7.9,4.0,2,81.0,3,5,5.0,5,0,2,56.0,80.0,0.0,Male,Student,Philippines,Laptop,Scrolling Social Media,No,No,No,No,Yes,Fair
D30829,19,8.0,1.77,0,5.3,8.3,5.0,2,,3,4,5.0,6,5,4,64.0,8.0,0.0,Female,Student,UAE,Laptop,Scrolling Social Media,No,No,No,No,No,Good
D30830,15,33.0,6.2,2,15.9,7.3,21.0,0,57.0,5,5,5.0,4,1,0,47.0,20.0,2.9,Female,Student,Philippines,Smartphone,No Fixed Routine,No,Yes,No,No,No,Fair
D30831,30,1.0,1.26,1,2.3,6.8,2.0,0,229.0,5,7,5.0,2,1,3,103.0,48.0,8.8,Male,Student,India,Tablet,Reading,Yes,No,No,No,No,Fair
D30832,28,71.0,3.2,2,38.9,8.5,47.0,0,289.0,5,7,5.0,4,2,1,35.0,26.0,0.0,Female,Employed Part-time,Canada,Smartphone,No Fixed Routine,No,No,Yes,No,Yes,Fair
D30833,25,46.0,2.59,2,26.5,8.4,14.0,0,207.0,6,3,5.0,8,0,1,38.0,88.0,0.0,Male,Employed Full-time,Canada,Laptop,No Fixed Routine,No,Yes,Yes,Yes,No,Good
D30834,49,45.0,2.54,0,48.1,7.9,16.0,0,149.0,7,8,5.0,4,0,4,56.0,36.0,1.5,Male,Unemployed,India,Smartphone,Meditation/Journaling,Yes,Yes,Yes,No,No,Good
D30835,31,112.0,6.75,3,35.9,6.7,32.0,1,57.0,10,10,5.0,5,1,2,27.0,9.0,8.4,Female,Employed Full-time,Nigeria,Smartphone,No Fixed Routine,No,Yes,Yes,No,Yes,Poor
D30836,24,76.0,3.75,4,21.5,6.9,37.0,3,167.0,4,5,4.0,8,1,4,46.0,35.0,5.8,Female,Employed Part-time,United States,,Scrolling Social Media,Yes,No,No,No,Yes,Poor
D30837,15,16.0,1.0,1,20.5,7.8,21.0,2,48.0,1,4,4.0,8,0,3,44.0,74.0,0.7,Prefer not to say,Employed Full-time,United States,Smartphone,Reading,No,Yes,No,Yes,No,Poor
D30838,42,47.0,2.84,3,17.0,7.0,19.0,1,40.0,4,6,5.0,8,1,2,17.0,1.0,8.1,Female,Student,United States,Smartphone,Reading,Yes,No,No,Yes,No,Good
D30839,32,92.0,4.76,2,45.4,7.5,36.0,1,77.0,6,6,5.0,6,1,4,5.0,11.0,1.7,Female,Employed Full-time,Germany,Laptop,Watching Videos,Yes,Yes,No,Yes,No,Fair
D30840,30,49.0,4.68,2,23.6,6.5,38.0,1,84.0,5,6,5.0,6,2,4,24.0,39.0,11.2,Male,Employed Full-time,India,Smartphone,No Fixed Routine,Yes,Yes,Yes,No,No,Fair
D30841,37,61.0,3.21,2,32.8,7.4,26.0,0,95.0,1,4,5.0,7,1,4,,30.0,3.6,Female,Employed Part-time,United States,Smartphone,Meditation/Journaling,Yes,Yes,No,Yes,Yes,Good
D30842,17,37.0,2.04,1,35.5,7.2,30.0,2,33.0,5,5,5.0,6,2,3,58.0,18.0,2.9,Male,Employed Full-time,United Kingdom,TV,Watching Videos,No,No,Yes,No,No,Fair
D30843,23,45.0,1.98,2,24.2,8.5,5.0,1,372.0,6,8,5.0,5,1,3,66.0,45.0,0.0,Male,Employed Full-time,Nigeria,Smartphone,No Fixed Routine,No,No,Yes,No,No,Good
D30844,45,73.0,5.48,3,22.4,6.6,37.0,2,173.0,2,5,5.0,4,1,2,19.0,23.0,10.6,Female,Employed Full-time,India,Smartphone,Meditation/Journaling,Yes,No,No,Yes,No,Good
D30845,41,27.0,5.81,4,5.0,7.4,21.0,2,63.0,6,8,5.0,5,5,2,63.0,95.0,5.9,Male,Employed Full-time,Philippines,Smartphone,Reading,No,Yes,No,No,No,Good
D30846,23,34.0,6.82,2,18.1,8.3,38.0,0,30.0,4,7,5.0,4,2,2,44.0,9.0,0.0,Female,Employed Full-time,Philippines,Smartphone,No Fixed Routine,Yes,Yes,Yes,Yes,No,Good
D30847,27,89.0,6.07,4,18.0,7.6,55.0,2,161.0,3,8,5.0,6,1,2,29.0,26.0,0.2,Male,Student,Australia,Smartphone,Watching Videos,No,Yes,No,No,Yes,Poor
D30848,15,73.0,11.5,2,33.9,7.9,28.0,0,100.0,6,9,5.0,6,4,0,40.0,49.0,1.2,Male,Student,United Kingdom,,Reading,No,Yes,Yes,No,No,Fair
D30849,23,16.0,6.9,0,16.9,8.8,29.0,1,42.0,7,5,5.0,6,1,2,50.0,52.0,0.0,Male,Employed Part-time,Australia,Smartphone,No Fixed Routine,Yes,No,Yes,No,No,Good
D30850,32,43.0,3.69,0,45.9,7.0,29.0,0,156.0,2,1,5.0,4,0,0,34.0,43.0,9.4,Male,Student,Philippines,Tablet,Watching Videos,No,Yes,Yes,No,No,Good
D30851,38,53.0,2.8,3,24.7,7.9,27.0,3,148.0,1,4,5.0,7,3,4,45.0,22.0,0.0,Male,Unemployed,Philippines,Smartphone,No Fixed Routine,No,No,No,No,No,Fair
D30852,38,66.0,4.5,2,36.6,6.8,25.0,2,57.0,6,9,5.0,6,2,2,56.0,87.0,7.6,Female,Student,India,Smartphone,Reading,No,Yes,No,No,No,Poor
D30853,23,28.0,3.48,1,29.3,7.9,17.0,1,134.0,3,6,5.0,5,2,1,54.0,59.0,1.7,Female,Student,India,TV,Reading,No,Yes,No,No,Yes,Fair
D30854,26,33.0,2.87,2,20.2,7.2,22.0,1,40.0,8,8,5.0,6,3,2,56.0,7.0,6.4,Female,Employed Full-time,Germany,Smartphone,Meditation/Journaling,No,Yes,Yes,Yes,No,Good
D30855,24,29.0,2.63,1,27.8,7.4,11.0,1,130.0,2,5,5.0,5,1,1,76.0,14.0,3.6,Prefer not to say,Employed Full-time,India,Smartphone,Reading,Yes,No,No,Yes,No,Good
D30856,15,55.0,3.58,2,25.9,6.3,35.0,2,183.0,6,8,5.0,7,4,3,70.0,18.0,11.0,Female,Student,India,Laptop,Reading,No,Yes,Yes,No,No,Good
D30857,15,128.0,7.77,6,23.7,6.5,67.0,3,59.0,6,5,4.0,8,1,3,55.0,85.0,9.5,Female,Employed Full-time,Canada,Smartphone,No Fixed Routine,Yes,Yes,No,Yes,No,Poor
D30858,15,22.0,3.36,1,24.3,7.1,3.0,2,198.0,5,4,5.0,5,5,2,37.0,26.0,5.7,Male,Employed Full-time,India,Smartphone,Meditation/Journaling,Yes,Yes,No,No,Yes,Poor
D30859,23,23.0,1.18,1,25.5,6.2,7.0,0,24.0,4,8,5.0,4,0,3,,38.0,12.0,Female,Unemployed,United States,Smartphone,Scrolling Social Media,No,No,No,No,No,Fair
D30860,22,76.0,3.13,3,20.0,6.4,41.0,3,180.0,5,6,5.0,7,1,5,65.0,14.0,9.7,Female,Employed Full-time,Australia,Smartphone,Scrolling Social Media,No,No,No,Yes,Yes,Poor
D30861,20,64.0,5.95,3,21.2,7.7,41.0,2,85.0,6,8,4.0,7,1,4,89.0,11.0,0.0,Male,Student,UAE,Smartphone,Scrolling Social Media,Yes,Yes,Yes,No,Yes,Fair
D30862,33,40.0,2.27,1,37.6,6.2,21.0,1,131.0,3,5,5.0,6,2,1,100.0,39.0,13.0,Female,Student,Philippines,TV,No Fixed Routine,Yes,No,No,Yes,No,Good
D30863,34,42.0,6.35,2,22.1,8.0,44.0,2,137.0,4,7,4.0,9,0,4,65.0,7.0,2.4,Male,,Australia,Laptop,Scrolling Social Media,Yes,No,Yes,No,No,Poor
D30864,20,65.0,4.08,2,35.9,9.2,15.0,0,14.0,6,5,5.0,8,2,3,41.0,65.0,0.0,Male,Student,United States,Smartphone,Meditation/Journaling,No,No,No,No,No,Good
D30865,34,30.0,1.87,1,27.3,6.9,35.0,1,153.0,4,5,5.0,8,0,1,76.0,26.0,8.1,Female,Employed Part-time,UAE,Tablet,Scrolling Social Media,No,Yes,No,No,No,Fair
D30866,20,22.0,1.39,2,17.4,7.5,2.0,1,63.0,3,6,5.0,8,2,2,75.0,12.0,1.3,Male,Student,UAE,Smartphone,Scrolling Social Media,Yes,No,Yes,No,No,Poor
D30867,35,55.0,4.45,0,52.2,7.2,43.0,0,240.0,3,3,4.0,7,2,0,75.0,7.0,6.9,Male,Student,Canada,Laptop,Scrolling Social Media,Yes,No,No,Yes,No,Fair
D30868,33,31.0,2.37,1,27.6,6.9,2.0,2,166.0,2,5,5.0,3,2,3,47.0,36.0,8.2,Female,Student,United States,Smartphone,No Fixed Routine,No,Yes,No,No,No,Fair
D30869,27,2.0,1.25,0,1.0,7.0,4.0,0,39.0,3,6,5.0,5,1,1,48.0,32.0,8.8,Male,Employed Full-time,Germany,Laptop,Scrolling Social Media,Yes,Yes,No,No,No,Good
D30870,15,91.0,4.05,4,20.8,6.5,47.0,1,56.0,5,7,5.0,3,2,2,37.0,112.0,9.7,Female,Employed Full-time,India,Smartphone,Scrolling Social Media,No,Yes,No,No,Yes,Poor
D30871,28,54.0,3.72,1,50.5,6.3,14.0,1,76.0,4,6,5.0,7,0,4,79.0,16.0,14.4,Male,Employed Full-time,United States,Smartphone,Scrolling Social Media,No,Yes,No,No,Yes,Poor
D30872,27,27.0,3.02,1,22.4,7.6,26.0,2,72.0,1,6,5.0,4,1,4,58.0,33.0,3.5,Male,Employed Part-time,United Kingdom,Smartphone,Watching Videos,Yes,No,No,No,No,Poor
D30873,25,53.0,9.52,1,57.6,7.4,41.0,1,168.0,7,7,5.0,5,1,2,51.0,29.0,2.9,Male,Employed Full-time,Germany,Smartphone,Scrolling Social Media,No,Yes,No,No,No,Good
D30874,15,55.0,3.32,2,28.6,6.5,36.0,1,218.0,7,8,5.0,7,1,2,73.0,38.0,9.5,Male,Student,India,Smartphone,Scrolling Social Media,No,Yes,Yes,Yes,Yes,Poor
D30875,26,73.0,5.02,3,20.9,7.4,27.0,3,13.0,7,8,5.0,8,2,4,71.0,10.0,3.6,Female,Employed Part-time,India,Smartphone,Scrolling Social Media,No,Yes,Yes,No,Yes,Fair
D30876,32,30.0,3.94,1,29.8,8.3,17.0,1,90.0,3,6,5.0,3,4,1,71.0,43.0,0.0,Male,Employed Full-time,Philippines,Smartphone,Meditation/Journaling,No,Yes,No,No,No,Fair
D30877,21,49.0,6.56,1,48.8,8.0,31.0,0,171.0,8,9,5.0,4,1,1,61.0,131.0,0.0,Male,Unemployed,United States,Laptop,Meditation/Journaling,No,Yes,Yes,Yes,Yes,Poor
D30878,26,27.0,2.03,2,11.5,7.4,17.0,0,3.0,8,9,5.0,5,3,0,58.0,2.0,2.6,Female,Unemployed,United States,Tablet,Scrolling Social Media,Yes,Yes,Yes,No,Yes,Fair
D30879,27,61.0,4.26,2,34.4,6.9,45.0,0,183.0,7,8,5.0,4,0,2,37.0,49.0,6.9,Male,Unemployed,Canada,,Reading,No,Yes,Yes,No,No,Fair
D30880,24,37.0,4.78,0,33.0,7.9,13.0,3,218.0,4,4,5.0,7,1,3,45.0,194.0,0.1,Female,Employed Full-time,United States,Smartphone,Scrolling Social Media,No,No,No,Yes,No,Fair
D30881,19,47.0,2.33,2,28.0,8.7,31.0,2,124.0,5,6,,5,0,6,53.0,70.0,0.0,Male,Employed Full-time,Philippines,Smartphone,Watching Videos,No,No,Yes,No,Yes,Fair
D30882,28,147.0,6.55,6,26.2,7.7,47.0,4,61.0,5,8,5.0,6,3,4,64.0,3.0,2.3,Male,Employed Full-time,India,Smartphone,Scrolling Social Media,No,Yes,No,No,Yes,Poor
D30883,24,46.0,3.3,3,14.8,7.8,23.0,1,76.0,3,5,5.0,6,4,1,57.0,60.0,0.3,Male,Employed Part-time,Nigeria,Tablet,Scrolling Social Media,Yes,No,No,Yes,No,Good
D30884,25,10.0,1.36,1,9.8,8.7,21.0,1,17.0,4,5,5.0,9,1,1,43.0,23.0,0.0,Female,Employed Full-time,India,Smartphone,No Fixed Routine,No,Yes,Yes,No,No,Good
D30885,36,57.0,3.01,4,15.0,7.0,35.0,2,228.0,4,7,5.0,5,4,2,36.0,11.0,6.9,Female,Employed Full-time,Nigeria,Smartphone,No Fixed Routine,No,Yes,Yes,No,Yes,Fair
D30886,37,67.0,3.31,3,29.3,6.0,43.0,3,199.0,3,6,4.0,4,1,4,69.0,97.0,17.5,Male,Employed Full-time,Canada,Smartphone,No Fixed Routine,No,Yes,Yes,No,Yes,Poor
D30887,20,17.0,3.4,1,14.6,8.7,3.0,1,,3,7,5.0,4,1,3,56.0,49.0,0.0,Male,Employed Part-time,India,Smartphone,Meditation/Journaling,No,Yes,Yes,No,Yes,Good
D30888,17,58.0,4.56,2,32.1,6.7,22.0,4,83.0,4,4,3.0,10,3,4,92.0,23.0,9.0,Female,Student,India,Smartphone,Watching Videos,Yes,Yes,No,No,Yes,Poor
D30889,41,152.0,8.42,6,23.3,6.2,80.0,3,,8,10,5.0,6,1,4,65.0,15.0,12.0,Female,Student,United States,Smartphone,Scrolling Social Media,No,No,Yes,No,Yes,Poor
D30890,24,19.0,3.2,0,17.8,8.4,9.0,0,66.0,7,7,5.0,3,1,0,48.0,19.0,0.0,Male,Employed Full-time,UAE,Smartphone,Scrolling Social Media,Yes,No,Yes,No,No,Good
D30891,28,44.0,4.06,1,47.3,6.7,38.0,0,229.0,4,4,5.0,5,2,0,39.0,39.0,8.2,Female,Employed Part-time,United States,Tablet,Scrolling Social Media,Yes,Yes,Yes,No,Yes,Poor
D30892,30,39.0,3.89,0,37.7,8.0,17.0,0,89.0,5,8,5.0,5,2,2,39.0,49.0,1.0,Male,Employed Full-time,Brazil,Smartphone,Meditation/Journaling,Yes,Yes,Yes,No,No,Good
D30893,15,56.0,4.41,3,20.1,7.2,40.0,4,106.0,7,8,5.0,10,1,4,83.0,1.0,7.5,Female,Employed Full-time,Philippines,Tablet,Watching Videos,No,Yes,No,No,No,Good
D30894,15,38.0,6.74,2,18.9,7.2,27.0,2,,6,6,5.0,6,0,3,44.0,136.0,3.3,Male,Employed Full-time,Nigeria,Smartphone,Meditation/Journaling,Yes,Yes,No,Yes,No,Poor
D30895,32,112.0,5.57,3,40.2,7.7,42.0,1,57.0,5,6,5.0,6,2,1,54.0,105.0,2.5,Male,Employed Part-time,India,Smartphone,Scrolling Social Media,Yes,No,No,No,No,Fair
D30896,32,74.0,5.8,2,34.4,7.5,46.0,0,63.0,4,6,5.0,4,1,1,55.0,42.0,2.5,Male,Student,India,Smartphone,Scrolling Social Media,No,Yes,No,No,Yes,Good
D30897,19,41.0,2.27,1,40.2,6.8,43.0,2,70.0,6,8,5.0,4,2,5,66.0,52.0,9.7,Female,Unemployed,Germany,Laptop,No Fixed Routine,No,Yes,No,Yes,Yes,Fair
D30898,33,80.0,8.16,5,17.5,8.6,44.0,3,106.0,5,8,5.0,10,5,4,79.0,103.0,0.0,Female,Employed Full-time,United States,Laptop,Watching Videos,No,Yes,Yes,Yes,Yes,Poor
D30899,27,2.0,1.0,0,3.5,7.8,12.0,0,229.0,4,8,5.0,7,1,1,,4.0,0.0,Female,Employed Full-time,UAE,Smartphone,Scrolling Social Media,Yes,No,Yes,No,No,Good
D30900,17,65.0,2.78,2,32.8,6.3,44.0,2,145.0,6,8,5.0,6,1,2,56.0,42.0,15.3,Male,Student,United Kingdom,Smartphone,Scrolling Social Media,Yes,Yes,Yes,No,Yes,Poor
D30901,22,38.0,4.3,1,43.6,8.3,27.0,1,110.0,5,8,5.0,5,2,1,34.0,4.0,0.0,Male,Employed Full-time,India,Smartphone,No Fixed Routine,No,Yes,Yes,No,Yes,Fair
D30902,33,40.0,2.36,1,35.1,7.3,20.0,0,184.0,3,5,5.0,3,4,1,62.0,66.0,7.0,Female,Student,India,Smartphone,Scrolling Social Media,No,No,No,No,Yes,Good
D30903,32,47.0,3.18,3,18.1,8.1,14.0,4,196.0,2,3,5.0,4,3,5,67.0,131.0,0.0,Male,Employed Full-time,United States,Smartphone,Watching Videos,Yes,Yes,No,No,Yes,Poor
D30904,41,10.0,1.19,1,10.5,8.7,15.0,0,,4,7,5.0,3,1,0,83.0,9.0,0.0,Female,Employed Full-time,Germany,Smartphone,Scrolling Social Media,No,Yes,No,Yes,No,Fair
D30905,31,94.0,6.51,4,20.9,7.2,29.0,2,112.0,6,6,5.0,4,0,3,60.0,103.0,6.9,Male,Employed Full-time,India,Smartphone,Watching Videos,Yes,Yes,Yes,Yes,Yes,Fair
D30906,25,49.0,3.0,1,48.9,7.1,19.0,0,276.0,3,3,5.0,3,2,0,58.0,18.0,11.0,Prefer not to say,Employed Full-time,United Kingdom,Smartphone,Reading,Yes,No,No,No,Yes,Poor
D30907,24,29.0,2.6,1,30.0,7.5,38.0,0,97.0,3,7,5.0,4,1,0,40.0,39.0,1.6,Male,Student,India,Smartphone,Scrolling Social Media,No,Yes,No,Yes,No,Fair
D30908,29,16.0,1.67,0,18.4,7.9,22.0,2,103.0,4,7,5.0,5,1,3,34.0,69.0,1.0,Female,Employed Full-time,Canada,Smartphone,Scrolling Social Media,No,No,Yes,Yes,No,Fair
D30909,21,15.0,2.02,0,13.0,8.1,11.0,1,34.0,4,6,5.0,6,1,3,36.0,0.0,0.0,Female,Student,Germany,Smartphone,Scrolling Social Media,Yes,Yes,Yes,No,No,Fair
D30910,39,30.0,1.79,0,27.9,7.6,34.0,2,122.0,5,6,5.0,4,0,3,48.0,95.0,5.4,Female,Employed Full-time,India,Smartphone,Watching Videos,No,No,Yes,Yes,No,Good
D30911,29,95.0,5.38,5,16.8,7.4,36.0,6,188.0,8,8,4.0,10,1,9,35.0,4.0,0.0,Male,Student,Germany,Tablet,Meditation/Journaling,Yes,Yes,No,No,Yes,Poor
D30912,15,39.0,2.82,0,36.5,6.5,23.0,0,192.0,5,5,5.0,7,0,1,75.0,30.0,11.1,Prefer not to say,,India,Laptop,No Fixed Routine,No,Yes,No,No,No,Good
D30913,19,31.0,4.66,2,11.5,6.5,50.0,0,41.0,6,6,5.0,6,4,0,98.0,26.0,10.4,Male,Unemployed,UAE,Smartphone,No Fixed Routine,Yes,Yes,Yes,Yes,Yes,Fair
D30914,20,17.0,1.8,0,19.3,7.4,20.0,0,126.0,2,4,5.0,1,1,0,67.0,18.0,5.3,Male,Student,India,Smartphone,Scrolling Social Media,Yes,Yes,Yes,No,No,Good
D30915,25,29.0,2.34,0,32.4,8.4,16.0,1,151.0,6,9,5.0,3,1,1,36.0,37.0,0.0,Male,Student,Nigeria,Tablet,No Fixed Routine,No,No,Yes,No,No,Good
D30916,38,18.0,2.17,0,14.3,8.1,14.0,0,,5,6,5.0,4,4,0,58.0,2.0,0.1,Female,Employed Full-time,United States,Smartphone,Reading,Yes,Yes,No,No,No,Poor
D30917,16,9.0,3.12,2,2.4,8.3,14.0,0,95.0,5,6,5.0,4,2,1,96.0,25.0,0.0,Male,Employed Full-time,Australia,Smartphone,Watching Videos,Yes,No,Yes,No,No,Good
D30918,30,52.0,2.02,1,53.8,7.7,23.0,1,275.0,4,5,5.0,6,2,2,59.0,16.0,0.0,Female,Employed Part-time,United States,Smartphone,Watching Videos,Yes,Yes,Yes,Yes,No,Good
D30919,21,86.0,4.61,3,33.8,6.7,39.0,2,91.0,7,7,5.0,8,1,3,41.0,39.0,7.5,Male,Employed Full-time,India,Laptop,Scrolling Social Media,No,No,No,Yes,Yes,Poor
D30920,19,37.0,2.4,1,42.8,7.5,25.0,1,71.0,5,5,5.0,6,2,2,59.0,174.0,5.7,Female,Student,United States,Smartphone,No Fixed Routine,No,Yes,Yes,No,No,Good
D30921,20,117.0,5.23,4,26.8,6.8,44.0,2,144.0,4,7,4.0,10,3,3,14.0,2.0,12.6,Male,Employed Full-time,India,Smartphone,No Fixed Routine,Yes,Yes,No,Yes,Yes,Poor
D30922,26,52.0,2.6,1,48.4,6.9,20.0,1,59.0,4,5,4.0,10,0,2,11.0,17.0,6.9,Male,Student,United Kingdom,Smartphone,Watching Videos,Yes,Yes,No,No,No,Good
D30923,26,81.0,3.66,4,21.2,7.9,44.0,3,227.0,5,4,4.0,10,1,3,49.0,104.0,2.2,Male,Employed Full-time,Brazil,Laptop,Scrolling Social Media,Yes,Yes,Yes,No,Yes,Poor
D30924,30,110.0,4.69,5,23.2,5.9,45.0,3,269.0,3,6,4.0,7,1,3,54.0,16.0,15.3,Male,Employed Part-time,Australia,Smartphone,Scrolling Social Media,No,Yes,No,No,Yes,Fair
D30925,33,56.0,2.45,2,28.9,6.9,24.0,0,198.0,3,5,5.0,7,2,1,88.0,29.0,3.1,Female,Unemployed,Germany,Smartphone,Watching Videos,No,Yes,Yes,No,Yes,Good
D30926,31,42.0,4.07,0,42.8,7.6,2.0,0,42.0,6,7,5.0,6,2,1,61.0,3.0,4.6,Female,Student,Philippines,Smartphone,Scrolling Social Media,No,Yes,Yes,Yes,No,Good
D30927,28,77.0,6.25,2,38.2,7.9,26.0,0,84.0,5,4,5.0,9,4,1,71.0,27.0,1.7,Male,Student,Brazil,Smartphone,Scrolling Social Media,Yes,Yes,No,Yes,No,Good
D30928,28,37.0,3.56,0,37.5,7.6,27.0,1,299.0,5,6,,7,0,2,,87.0,2.9,Male,Student,United States,Smartphone,Watching Videos,Yes,No,Yes,No,No,Fair
D30929,21,23.0,1.87,0,23.3,6.7,27.0,3,9.0,5,5,5.0,7,0,4,73.0,55.0,8.4,Male,Employed Part-time,United States,Smartphone,Watching Videos,No,No,No,Yes,No,Fair
D30930,30,33.0,3.44,1,34.6,6.3,17.0,1,173.0,3,8,4.0,6,2,1,36.0,24.0,9.9,Female,Student,United Kingdom,Smartphone,Watching Videos,No,Yes,No,Yes,No,Poor
D30931,20,58.0,3.95,2,22.6,7.1,20.0,2,109.0,5,7,4.0,8,2,3,9.0,17.0,4.9,Male,Student,UAE,Smartphone,Reading,Yes,No,No,No,No,Poor
D30932,26,48.0,3.7,3,19.8,7.3,24.0,3,123.0,5,7,5.0,6,1,6,27.0,105.0,4.9,Male,Student,India,Smartphone,Meditation/Journaling,Yes,Yes,No,Yes,Yes,Poor
D30933,37,87.0,4.88,4,20.3,7.2,42.0,3,47.0,6,8,4.0,8,1,6,42.0,2.0,4.5,Male,Student,United States,TV,Scrolling Social Media,Yes,Yes,Yes,No,No,Poor
D30934,34,38.0,1.92,1,29.7,7.3,16.0,2,162.0,7,9,5.0,6,1,3,56.0,14.0,5.6,Male,Employed Part-time,United Kingdom,Smartphone,No Fixed Routine,Yes,Yes,Yes,No,Yes,Good
D30935,43,28.0,1.07,0,24.8,8.2,4.0,1,202.0,5,8,5.0,5,2,3,53.0,77.0,0.0,Male,Student,United States,Smartphone,Meditation/Journaling,Yes,No,Yes,No,No,Good
D30936,16,53.0,3.65,1,53.7,5.9,30.0,1,94.0,2,4,3.0,7,4,3,83.0,5.0,12.0,Male,Student,Canada,Laptop,Scrolling Social Media,No,No,No,Yes,No,Poor
D30937,28,14.0,1.0,2,2.9,7.5,27.0,1,128.0,8,10,5.0,5,1,2,44.0,7.0,2.7,Male,Unemployed,United States,Smartphone,No Fixed Routine,No,No,Yes,No,No,Good
D30938,35,65.0,4.54,3,20.6,7.4,30.0,1,177.0,8,9,5.0,5,1,1,,33.0,3.9,Female,Student,India,Smartphone,Meditation/Journaling,Yes,Yes,Yes,Yes,Yes,Good
D30939,21,75.0,3.68,3,23.6,8.1,37.0,5,68.0,8,8,5.0,10,3,7,50.0,38.0,0.0,Female,Employed Full-time,United States,Smartphone,Reading,No,Yes,Yes,Yes,Yes,Poor
D30940,35,46.0,4.65,3,15.1,7.6,20.0,1,76.0,3,3,5.0,5,2,2,60.0,46.0,2.8,Male,Employed Full-time,India,Smartphone,Reading,Yes,Yes,No,No,Yes,Good
D30941,34,9.0,1.16,0,7.5,7.6,6.0,0,51.0,9,9,5.0,3,0,2,46.0,15.0,0.3,Male,Employed Full-time,Nigeria,Smartphone,Scrolling Social Media,Yes,Yes,Yes,No,No,Good
D30942,17,29.0,3.73,0,32.3,7.4,15.0,0,12.0,4,8,5.0,4,2,2,63.0,94.0,2.2,Female,Student,India,Smartphone,Meditation/Journaling,No,No,No,No,No,Good
D30943,40,62.0,4.08,4,13.9,7.2,10.0,3,93.0,4,4,5.0,5,0,5,55.0,9.0,4.3,Male,Employed Full-time,India,Smartphone,Watching Videos,Yes,Yes,Yes,Yes,Yes,Fair
D30944,15,70.0,3.38,2,29.9,7.1,41.0,1,82.0,3,5,5.0,5,1,2,67.0,55.0,3.8,Female,Student,UAE,Smartphone,Watching Videos,No,No,No,No,No,Fair
D30945,25,22.0,3.18,0,19.7,7.5,21.0,0,124.0,4,5,5.0,4,0,1,35.0,7.0,1.7,Female,Student,Germany,Smartphone,Reading,No,Yes,No,Yes,Yes,Good
D30946,31,35.0,2.68,0,37.5,6.8,28.0,1,115.0,3,4,5.0,6,1,3,31.0,85.0,8.1,Prefer not to say,Employed Part-time,UAE,Smartphone,No Fixed Routine,No,Yes,No,No,No,Good
D30947,47,47.0,3.11,3,15.3,7.2,11.0,2,175.0,4,5,5.0,7,3,2,62.0,61.0,8.8,Male,Unemployed,Australia,,Watching Videos,Yes,No,No,No,No,Good
D30948,18,37.0,4.24,4,7.0,7.4,18.0,3,138.0,5,6,5.0,7,4,4,50.0,80.0,2.4,Male,Employed Full-time,Philippines,,Meditation/Journaling,Yes,Yes,Yes,Yes,Yes,Poor
D30949,15,91.0,5.91,5,15.9,7.7,39.0,3,37.0,8,8,5.0,6,1,6,67.0,21.0,1.0,Female,Student,United States,Smartphone,Scrolling Social Media,Yes,Yes,No,No,Yes,Fair
D30950,24,15.0,1.6,0,13.1,7.5,11.0,0,34.0,4,7,5.0,3,2,0,67.0,38.0,3.8,Male,Employed Full-time,Nigeria,Smartphone,Scrolling Social Media,Yes,Yes,No,No,No,Good
D30951,31,29.0,2.22,0,26.4,6.9,22.0,0,415.0,4,7,5.0,4,1,0,70.0,11.0,6.4,Male,Employed Full-time,Nigeria,Smartphone,Watching Videos,Yes,Yes,No,No,No,Fair
D30952,21,11.0,2.36,1,7.9,7.6,4.0,1,298.0,3,9,5.0,8,0,2,69.0,122.0,3.9,Male,Employed Full-time,Australia,Smartphone,Reading,Yes,Yes,Yes,Yes,No,Fair
D30953,21,85.0,8.77,3,29.7,7.8,37.0,2,212.0,3,6,5.0,5,0,4,,25.0,0.7,Male,Employed Full-time,United Kingdom,Smartphone,Meditation/Journaling,Yes,Yes,No,Yes,No,Poor
D30954,24,22.0,8.63,3,7.1,7.9,22.0,3,41.0,4,3,5.0,7,2,4,50.0,37.0,2.1,Male,Employed Full-time,Philippines,,Scrolling Social Media,Yes,Yes,Yes,No,No,Fair
D30955,21,35.0,5.3,2,20.4,7.0,19.0,1,,3,3,,7,3,3,,10.0,8.8,Male,Employed Full-time,India,Tablet,No Fixed Routine,Yes,No,Yes,No,Yes,Poor
D30956,33,56.0,5.45,3,23.6,6.7,25.0,3,110.0,6,6,5.0,7,3,4,28.0,68.0,9.0,Male,Employed Full-time,India,TV,Watching Videos,Yes,Yes,Yes,Yes,Yes,Poor
D30957,32,30.0,6.63,1,34.1,7.8,32.0,0,184.0,2,4,5.0,7,1,2,58.0,5.0,1.7,Prefer not to say,Student,India,Smartphone,Watching Videos,No,Yes,No,No,No,Good
D30958,18,42.0,2.47,3,13.9,6.5,15.0,1,68.0,4,5,5.0,6,1,1,65.0,23.0,12.2,Female,Unemployed,India,Smartphone,Watching Videos,No,Yes,No,No,No,Good
D30959,26,19.0,2.7,2,10.5,7.2,14.0,0,85.0,4,8,5.0,4,0,2,58.0,69.0,6.8,Male,Student,Canada,Laptop,Reading,No,Yes,No,No,No,Good
D30960,24,72.0,3.73,3,22.0,6.4,17.0,2,111.0,8,8,4.0,6,2,5,77.0,2.0,9.9,Male,Employed Full-time,United States,Smartphone,No Fixed Routine,No,Yes,Yes,No,No,Poor
D30961,16,225.0,8.68,10,23.3,4.0,90.0,4,,9,10,2.0,10,0,7,0.0,10.0,29.4,Female,Employed Full-time,Canada,Laptop,Meditation/Journaling,No,Yes,Yes,Yes,Yes,Poor
D30962,29,68.0,2.94,2,28.6,6.0,35.0,0,100.0,4,4,4.0,6,3,0,45.0,20.0,12.5,Male,Employed Part-time,United Kingdom,Smartphone,Scrolling Social Media,No,Yes,No,No,No,Fair
D30963,36,71.0,3.69,3,21.0,6.9,42.0,1,102.0,4,8,5.0,5,0,1,48.0,11.0,10.4,Female,Student,United States,Smartphone,Meditation/Journaling,Yes,Yes,Yes,No,No,Good
D30964,32,30.0,2.21,2,14.0,8.0,12.0,1,225.0,3,5,5.0,4,0,2,64.0,50.0,0.0,Male,Employed Full-time,United Kingdom,Smartphone,Meditation/Journaling,Yes,No,No,No,Yes,Good
D30965,15,55.0,3.21,2,23.0,7.5,35.0,2,38.0,5,4,5.0,3,0,4,51.0,148.0,2.5,Male,Employed Part-time,Canada,Smartphone,No Fixed Routine,No,No,No,No,Yes,Fair
D30966,23,24.0,2.48,0,28.1,7.6,19.0,1,126.0,1,1,5.0,5,1,2,71.0,62.0,1.1,Male,Student,Canada,Laptop,Watching Videos,No,Yes,No,Yes,No,Good
D30967,28,17.0,1.29,1,14.8,8.8,22.0,0,38.0,4,5,5.0,5,3,1,,54.0,0.0,Female,Unemployed,Germany,Tablet,Watching Videos,Yes,Yes,No,No,Yes,Good
D30968,34,117.0,6.42,6,14.0,7.0,41.0,2,71.0,5,3,4.0,10,0,2,29.0,41.0,4.5,Female,Employed Full-time,Australia,Smartphone,Scrolling Social Media,No,Yes,No,No,Yes,Poor
D30969,26,27.0,4.14,1,22.4,7.6,28.0,1,83.0,5,9,5.0,4,1,2,35.0,8.0,4.2,Female,Unemployed,Australia,Smartphone,No Fixed Routine,No,No,No,No,No,Good
D30970,33,60.0,5.97,2,25.7,6.4,55.0,1,15.0,3,4,5.0,5,1,2,41.0,32.0,11.5,Male,Employed Part-time,Australia,Tablet,Reading,No,Yes,No,Yes,Yes,Poor
D30971,25,89.0,3.8,4,25.6,6.1,45.0,1,111.0,4,6,5.0,6,2,3,24.0,123.0,10.9,Female,Student,India,Smartphone,Meditation/Journaling,No,Yes,No,No,Yes,Poor
D30972,33,67.0,5.73,2,32.1,8.4,42.0,1,259.0,3,8,5.0,5,1,3,54.0,115.0,0.3,Female,Employed Part-time,India,Tablet,Scrolling Social Media,No,Yes,No,No,Yes,Poor
D30973,26,19.0,1.35,0,20.1,6.6,10.0,0,73.0,4,8,5.0,6,1,0,46.0,35.0,10.4,Female,Employed Full-time,Canada,Smartphone,Scrolling Social Media,No,No,No,No,No,Fair
D30974,25,104.0,4.87,5,22.0,6.6,55.0,3,4.0,7,6,2.0,10,0,5,54.0,16.0,11.4,Female,Employed Full-time,Nigeria,Tablet,Scrolling Social Media,Yes,No,Yes,No,Yes,Poor
D30975,32,88.0,5.57,5,19.3,7.3,33.0,3,188.0,6,9,5.0,6,2,5,51.0,101.0,4.2,Male,Employed Full-time,United States,Tablet,Scrolling Social Media,Yes,Yes,No,No,Yes,Fair
D30976,36,11.0,2.45,0,16.4,8.3,26.0,1,278.0,4,10,5.0,7,0,1,54.0,20.0,0.0,Female,Employed Full-time,Canada,Smartphone,No Fixed Routine,Yes,Yes,No,No,Yes,Good
D30977,37,20.0,3.49,2,15.8,8.8,13.0,2,49.0,4,6,5.0,5,0,4,67.0,77.0,0.0,Female,Employed Part-time,United States,Smartphone,Reading,No,Yes,Yes,No,Yes,Poor
D30978,27,60.0,2.23,2,29.1,7.1,15.0,0,47.0,2,4,5.0,5,2,0,67.0,4.0,6.2,Female,Employed Full-time,United Kingdom,Smartphone,Watching Videos,No,Yes,No,No,No,Good
D30979,24,42.0,2.14,1,45.9,6.9,20.0,2,92.0,5,5,5.0,6,0,2,70.0,101.0,7.3,Male,Unemployed,India,Tablet,Meditation/Journaling,No,No,Yes,No,No,Good
D30980,40,48.0,2.22,1,50.3,8.5,31.0,0,98.0,6,6,5.0,2,2,2,23.0,4.0,0.0,Female,Student,India,Smartphone,Meditation/Journaling,No,Yes,No,No,No,Good
D30981,27,42.0,4.7,0,43.1,7.7,29.0,2,73.0,3,7,5.0,6,1,2,54.0,10.0,0.5,Female,Employed Full-time,India,Smartphone,Reading,No,No,No,Yes,No,Good
D30982,37,162.0,6.66,8,18.1,6.4,78.0,3,154.0,8,9,2.0,9,4,3,41.0,26.0,11.8,Female,Student,United Kingdom,Laptop,Watching Videos,No,Yes,Yes,Yes,Yes,Poor
D30983,27,73.0,4.59,3,27.6,7.3,39.0,1,13.0,4,6,5.0,5,1,2,84.0,25.0,5.1,Male,Student,Canada,Smartphone,Scrolling Social Media,Yes,Yes,Yes,No,Yes,Poor
D30984,24,11.0,2.79,1,10.4,7.0,22.0,1,139.0,10,10,5.0,6,1,2,27.0,73.0,6.7,Male,Student,India,Smartphone,Scrolling Social Media,No,No,Yes,Yes,No,Good
D30985,24,66.0,3.11,2,33.4,8.0,24.0,1,134.0,6,9,5.0,6,0,3,46.0,56.0,0.0,Male,Unemployed,United Kingdom,Smartphone,Watching Videos,Yes,Yes,No,Yes,No,Good
D30986,26,83.0,3.19,5,21.5,7.1,47.0,3,87.0,3,5,5.0,5,0,6,38.0,50.0,6.8,Female,Employed Full-time,Philippines,Smartphone,Reading,No,No,No,Yes,Yes,Poor
D30987,27,36.0,1.34,0,37.5,7.1,46.0,1,43.0,2,3,5.0,5,2,2,71.0,15.0,5.4,Female,Employed Full-time,Nigeria,Smartphone,Scrolling Social Media,Yes,Yes,Yes,No,No,Fair
D30988,35,8.0,1.0,0,15.8,6.4,8.0,2,58.0,5,6,5.0,6,1,4,40.0,16.0,13.3,Female,Unemployed,Canada,Smartphone,Meditation/Journaling,No,No,No,Yes,No,Poor
D30989,32,52.0,5.24,2,30.2,7.2,32.0,0,278.0,5,7,5.0,4,1,0,87.0,18.0,7.7,Male,Student,Australia,Smartphone,Scrolling Social Media,Yes,Yes,Yes,Yes,Yes,Poor
D30990,29,55.0,2.33,3,16.9,7.7,27.0,4,62.0,8,8,5.0,9,0,6,38.0,45.0,3.6,Female,Unemployed,Germany,Tablet,Watching Videos,Yes,Yes,No,No,No,Fair
D30991,25,8.0,3.93,1,10.9,8.7,2.0,2,51.0,3,5,5.0,6,2,2,55.0,73.0,0.0,Prefer not to say,,India,Smartphone,Meditation/Journaling,No,No,No,Yes,No,Good
D30992,31,37.0,3.4,2,20.8,7.7,28.0,0,97.0,3,3,5.0,3,0,1,56.0,34.0,3.5,Male,Employed Part-time,India,Laptop,Reading,No,No,Yes,No,No,Good
D30993,26,13.0,1.0,1,18.6,7.8,14.0,1,66.0,6,8,5.0,7,0,2,86.0,19.0,0.0,Male,Student,United States,Smartphone,No Fixed Routine,No,No,Yes,No,No,Good
D30994,23,21.0,2.83,2,11.1,7.2,33.0,1,79.0,2,3,5.0,7,0,2,73.0,21.0,6.5,Prefer not to say,Unemployed,UAE,Smartphone,Reading,No,No,No,Yes,No,Good
D30995,26,85.0,3.56,4,25.4,7.6,34.0,1,169.0,10,8,5.0,4,1,1,71.0,14.0,3.3,Female,Student,India,Tablet,Meditation/Journaling,No,Yes,Yes,Yes,Yes,Poor
D30996,23,3.0,1.1,1,10.7,7.5,31.0,1,34.0,5,8,5.0,7,0,2,57.0,14.0,6.7,Male,Student,United States,Smartphone,Scrolling Social Media,No,Yes,No,No,No,Fair
D30997,15,28.0,4.38,1,30.6,9.2,20.0,0,100.0,3,5,5.0,5,1,1,43.0,52.0,0.0,Female,Employed Full-time,United States,Smartphone,Scrolling Social Media,No,Yes,No,No,No,Good
D30998,22,23.0,1.84,0,27.9,6.9,41.0,2,45.0,3,5,5.0,5,2,2,44.0,101.0,6.8,Male,Student,India,Tablet,Watching Videos,No,Yes,Yes,Yes,No,Fair
D30999,23,35.0,1.66,2,16.2,7.5,27.0,2,63.0,8,6,5.0,9,1,3,78.0,20.0,0.0,Prefer not to say,Employed Full-time,India,Tablet,Scrolling Social Media,No,Yes,Yes,No,Yes,Fair
